image_name,user
China_Drone_000048.jpg,Fernando
China_Drone_000057.jpg,Fernando
China_Drone_000061.jpg,Fernando
China_Drone_000062.jpg,Fernando
China_Drone_000064.jpg,Caio
China_Drone_000136.jpg,Fernando
China_Drone_000160.jpg,Fernando
China_Drone_000205.jpg,Fernando
China_Drone_000237.jpg,Caio
China_Drone_000286.jpg,Fernando
China_Drone_000315.jpg,Caio
China_Drone_000383.jpg,Caio
China_Drone_000404.jpg,Fernando
China_Drone_000435.jpg,Fernando
China_Drone_000451.jpg,Caio
China_Drone_000487.jpg,Caio
China_Drone_000503.jpg,Fernando
China_Drone_000541.jpg,Fernando
China_Drone_000690.jpg,Caio
China_Drone_000695.jpg,Caio
China_Drone_000764.jpg,Fernando
China_Drone_000839.jpg,Fernando
China_Drone_000861.jpg,Fernando
China_Drone_000942.jpg,Caio
China_Drone_000955.jpg,Fernando
China_Drone_000998.jpg,Fernando
China_Drone_001016.jpg,Caio
China_Drone_001045.jpg,Fernando
China_Drone_001050.jpg,Caio
China_Drone_001067.jpg,Caio
China_Drone_001287.jpg,Fernando
China_Drone_001340.jpg,Fernando
China_Drone_001395.jpg,Fernando
China_Drone_001401.jpg,Caio
China_Drone_001446.jpg,Caio
China_Drone_001511.jpg,Caio
China_Drone_001522.jpg,Caio
China_Drone_001531.jpg,Fernando
China_Drone_001536.jpg,Fernando
China_Drone_001555.jpg,Fernando
China_Drone_001628.jpg,Caio
China_Drone_001714.jpg,Fernando
China_Drone_001732.jpg,Fernando
China_Drone_001773.jpg,Fernando
China_Drone_001805.jpg,Fernando
China_Drone_001811.jpg,Caio
China_Drone_001847.jpg,Fernando
China_Drone_001854.jpg,Caio
China_Drone_001940.jpg,Caio
China_Drone_001961.jpg,Caio
China_Drone_001990.jpg,Caio
China_Drone_002007.jpg,Caio
China_Drone_002041.jpg,Caio
China_Drone_002080.jpg,Caio
China_Drone_002132.jpg,Fernando
China_Drone_002137.jpg,Caio
China_Drone_002143.jpg,Caio
China_Drone_002144.jpg,Fernando
China_Drone_002145.jpg,Caio
China_Drone_002189.jpg,Fernando
China_Drone_002190.jpg,Fernando
China_Drone_002245.jpg,Fernando
China_Drone_002268.jpg,Fernando
China_Drone_002372.jpg,Fernando
China_MotorBike_000001.jpg,Caio
China_MotorBike_000004.jpg,Caio
China_MotorBike_000007.jpg,Fernando
China_MotorBike_000010.jpg,Caio
China_MotorBike_000035.jpg,Fernando
China_MotorBike_000047.jpg,Caio
China_MotorBike_000050.jpg,Caio
China_MotorBike_000064.jpg,Fernando
China_MotorBike_000078.jpg,Fernando
China_MotorBike_000088.jpg,Caio
China_MotorBike_000091.jpg,Caio
China_MotorBike_000099.jpg,Fernando
China_MotorBike_000113.jpg,Fernando
China_MotorBike_000127.jpg,Caio
China_MotorBike_000138.jpg,Caio
China_MotorBike_000150.jpg,Caio
China_MotorBike_000151.jpg,Fernando
China_MotorBike_000163.jpg,Fernando
China_MotorBike_000171.jpg,Caio
China_MotorBike_000188.jpg,Fernando
China_MotorBike_000195.jpg,Fernando
China_MotorBike_000210.jpg,Caio
China_MotorBike_000234.jpg,Fernando
China_MotorBike_000266.jpg,Fernando
China_MotorBike_000296.jpg,Caio
China_MotorBike_000304.jpg,Caio
China_MotorBike_000328.jpg,Fernando
China_MotorBike_000336.jpg,Caio
China_MotorBike_000337.jpg,Caio
China_MotorBike_000343.jpg,Fernando
China_MotorBike_000355.jpg,Fernando
China_MotorBike_000357.jpg,Fernando
China_MotorBike_000363.jpg,Caio
China_MotorBike_000394.jpg,Fernando
China_MotorBike_000402.jpg,Fernando
China_MotorBike_000407.jpg,Caio
China_MotorBike_000408.jpg,Fernando
China_MotorBike_000419.jpg,Fernando
China_MotorBike_000422.jpg,Fernando
China_MotorBike_000448.jpg,Fernando
China_MotorBike_000453.jpg,Fernando
China_MotorBike_000473.jpg,Caio
China_MotorBike_000482.jpg,Fernando
China_MotorBike_000495.jpg,Fernando
China_MotorBike_000518.jpg,Fernando
China_MotorBike_000524.jpg,Fernando
China_MotorBike_000542.jpg,Caio
China_MotorBike_000552.jpg,Fernando
China_MotorBike_000553.jpg,Fernando
China_MotorBike_000567.jpg,Caio
China_MotorBike_000582.jpg,Fernando
China_MotorBike_000619.jpg,Fernando
China_MotorBike_000648.jpg,Fernando
China_MotorBike_000651.jpg,Caio
China_MotorBike_000690.jpg,Caio
China_MotorBike_000692.jpg,Caio
China_MotorBike_000709.jpg,Fernando
China_MotorBike_000736.jpg,Fernando
China_MotorBike_000752.jpg,Fernando
China_MotorBike_000755.jpg,Caio
China_MotorBike_000781.jpg,Caio
China_MotorBike_000786.jpg,Caio
China_MotorBike_000801.jpg,Caio
China_MotorBike_000841.jpg,Caio
China_MotorBike_000854.jpg,Fernando
China_MotorBike_000856.jpg,Caio
China_MotorBike_000882.jpg,Caio
China_MotorBike_000902.jpg,Fernando
China_MotorBike_000940.jpg,Caio
China_MotorBike_000957.jpg,Caio
China_MotorBike_000971.jpg,Caio
China_MotorBike_000976.jpg,Caio
China_MotorBike_000985.jpg,Caio
China_MotorBike_000990.jpg,Caio
China_MotorBike_000996.jpg,Fernando
China_MotorBike_001001.jpg,Fernando
China_MotorBike_001002.jpg,Fernando
China_MotorBike_001015.jpg,Fernando
China_MotorBike_001016.jpg,Caio
China_MotorBike_001019.jpg,Fernando
China_MotorBike_001033.jpg,Fernando
China_MotorBike_001038.jpg,Caio
China_MotorBike_001041.jpg,Caio
China_MotorBike_001044.jpg,Caio
China_MotorBike_001047.jpg,Caio
China_MotorBike_001059.jpg,Fernando
China_MotorBike_001061.jpg,Fernando
China_MotorBike_001073.jpg,Fernando
China_MotorBike_001084.jpg,Fernando
China_MotorBike_001090.jpg,Fernando
China_MotorBike_001107.jpg,Fernando
China_MotorBike_001115.jpg,Caio
China_MotorBike_001139.jpg,Caio
China_MotorBike_001152.jpg,Caio
China_MotorBike_001176.jpg,Fernando
China_MotorBike_001189.jpg,Caio
China_MotorBike_001196.jpg,Caio
China_MotorBike_001204.jpg,Caio
China_MotorBike_001217.jpg,Fernando
China_MotorBike_001233.jpg,Fernando
China_MotorBike_001236.jpg,Caio
China_MotorBike_001246.jpg,Caio
China_MotorBike_001293.jpg,Caio
China_MotorBike_001300.jpg,Fernando
China_MotorBike_001307.jpg,Fernando
China_MotorBike_001340.jpg,Fernando
China_MotorBike_001350.jpg,Fernando
China_MotorBike_001370.jpg,Fernando
China_MotorBike_001395.jpg,Caio
China_MotorBike_001419.jpg,Caio
China_MotorBike_001424.jpg,Caio
China_MotorBike_001437.jpg,Fernando
China_MotorBike_001449.jpg,Caio
China_MotorBike_001452.jpg,Fernando
China_MotorBike_001460.jpg,Caio
China_MotorBike_001508.jpg,Fernando
China_MotorBike_001516.jpg,Fernando
China_MotorBike_001520.jpg,Fernando
China_MotorBike_001521.jpg,Fernando
China_MotorBike_001532.jpg,Fernando
China_MotorBike_001535.jpg,Caio
China_MotorBike_001537.jpg,Fernando
China_MotorBike_001546.jpg,Fernando
China_MotorBike_001550.jpg,Caio
China_MotorBike_001553.jpg,Caio
China_MotorBike_001562.jpg,Caio
China_MotorBike_001571.jpg,Caio
China_MotorBike_001572.jpg,Fernando
China_MotorBike_001578.jpg,Fernando
China_MotorBike_001579.jpg,Caio
China_MotorBike_001590.jpg,Caio
China_MotorBike_001607.jpg,Fernando
China_MotorBike_001610.jpg,Caio
China_MotorBike_001611.jpg,Fernando
China_MotorBike_001631.jpg,Fernando
China_MotorBike_001633.jpg,Fernando
China_MotorBike_001641.jpg,Fernando
China_MotorBike_001655.jpg,Fernando
China_MotorBike_001661.jpg,Caio
China_MotorBike_001662.jpg,Fernando
China_MotorBike_001665.jpg,Caio
China_MotorBike_001680.jpg,Fernando
China_MotorBike_001681.jpg,Fernando
China_MotorBike_001726.jpg,Caio
China_MotorBike_001735.jpg,Caio
China_MotorBike_001747.jpg,Fernando
China_MotorBike_001766.jpg,Fernando
China_MotorBike_001794.jpg,Caio
China_MotorBike_001800.jpg,Fernando
China_MotorBike_001811.jpg,Caio
China_MotorBike_001815.jpg,Caio
China_MotorBike_001816.jpg,Fernando
China_MotorBike_001819.jpg,Fernando
China_MotorBike_001839.jpg,Fernando
China_MotorBike_001841.jpg,Caio
China_MotorBike_001842.jpg,Fernando
China_MotorBike_001853.jpg,Fernando
China_MotorBike_001876.jpg,Caio
China_MotorBike_001888.jpg,Caio
China_MotorBike_001905.jpg,Fernando
China_MotorBike_001913.jpg,Caio
China_MotorBike_001924.jpg,Caio
China_MotorBike_001925.jpg,Caio
China_MotorBike_001965.jpg,Caio
Czech_000010.jpg,Caio
Czech_000037.jpg,Caio
Czech_000064.jpg,Fernando
Czech_000083.jpg,Fernando
Czech_000086.jpg,Fernando
Czech_000103.jpg,Caio
Czech_000108.jpg,Caio
Czech_000240.jpg,Fernando
Czech_000270.jpg,Fernando
Czech_000275.jpg,Fernando
Czech_000293.jpg,Fernando
Czech_000296.jpg,Fernando
Czech_000302.jpg,Fernando
Czech_000341.jpg,Caio
Czech_000343.jpg,Fernando
Czech_000392.jpg,Fernando
Czech_000395.jpg,Fernando
Czech_000406.jpg,Caio
Czech_000454.jpg,Fernando
Czech_000512.jpg,Caio
Czech_000568.jpg,Caio
Czech_000582.jpg,Fernando
Czech_000595.jpg,Fernando
Czech_000596.jpg,Caio
Czech_000603.jpg,Fernando
Czech_000612.jpg,Caio
Czech_000634.jpg,Fernando
Czech_000645.jpg,Caio
Czech_000729.jpg,Fernando
Czech_000749.jpg,Caio
Czech_000755.jpg,Fernando
Czech_000757.jpg,Caio
Czech_000758.jpg,Fernando
Czech_000759.jpg,Fernando
Czech_000762.jpg,Fernando
Czech_000768.jpg,Fernando
Czech_000791.jpg,Fernando
Czech_000792.jpg,Fernando
Czech_000814.jpg,Fernando
Czech_000836.jpg,Fernando
Czech_000839.jpg,Fernando
Czech_000842.jpg,Fernando
Czech_000853.jpg,Fernando
Czech_000881.jpg,Fernando
Czech_000883.jpg,Caio
Czech_000904.jpg,Caio
Czech_000920.jpg,Fernando
Czech_000937.jpg,Fernando
Czech_000973.jpg,Caio
Czech_000976.jpg,Caio
Czech_000982.jpg,Caio
Czech_001025.jpg,Caio
Czech_001053.jpg,Caio
Czech_001054.jpg,Fernando
Czech_001090.jpg,Fernando
Czech_001107.jpg,Caio
Czech_001114.jpg,Caio
Czech_001129.jpg,Caio
Czech_001240.jpg,Fernando
Czech_001251.jpg,Fernando
Czech_001258.jpg,Caio
Czech_001277.jpg,Caio
Czech_001278.jpg,Fernando
Czech_001279.jpg,Caio
Czech_001284.jpg,Fernando
Czech_001285.jpg,Caio
Czech_001353.jpg,Fernando
Czech_001386.jpg,Fernando
Czech_001437.jpg,Caio
Czech_001495.jpg,Fernando
Czech_001512.jpg,Fernando
Czech_001514.jpg,Fernando
Czech_001533.jpg,Fernando
Czech_001545.jpg,Fernando
Czech_001554.jpg,Caio
Czech_001669.jpg,Fernando
Czech_001673.jpg,Caio
Czech_001740.jpg,Caio
Czech_001811.jpg,Fernando
Czech_001815.jpg,Fernando
Czech_001825.jpg,Caio
Czech_001858.jpg,Caio
Czech_001871.jpg,Fernando
Czech_001917.jpg,Caio
Czech_001940.jpg,Fernando
Czech_001947.jpg,Fernando
Czech_001948.jpg,Fernando
Czech_001953.jpg,Fernando
Czech_001956.jpg,Caio
Czech_002009.jpg,Fernando
Czech_002013.jpg,Caio
Czech_002016.jpg,Caio
Czech_002024.jpg,Fernando
Czech_002058.jpg,Fernando
Czech_002063.jpg,Fernando
Czech_002078.jpg,Fernando
Czech_002092.jpg,Caio
Czech_002095.jpg,Caio
Czech_002147.jpg,Fernando
Czech_002244.jpg,Fernando
Czech_002248.jpg,Fernando
Czech_002264.jpg,Fernando
Czech_002365.jpg,Caio
Czech_002374.jpg,Caio
Czech_002420.jpg,Caio
Czech_002428.jpg,Caio
Czech_002436.jpg,Caio
Czech_002444.jpg,Caio
Czech_002448.jpg,Fernando
Czech_002501.jpg,Fernando
Czech_002541.jpg,Caio
Czech_002577.jpg,Fernando
Czech_002585.jpg,Caio
Czech_002612.jpg,Caio
Czech_002628.jpg,Caio
Czech_002634.jpg,Caio
Czech_002682.jpg,Caio
Czech_002752.jpg,Fernando
Czech_002792.jpg,Caio
Czech_002819.jpg,Caio
Czech_002842.jpg,Caio
Czech_002857.jpg,Caio
Czech_002866.jpg,Caio
Czech_002942.jpg,Caio
Czech_002954.jpg,Fernando
Czech_002978.jpg,Caio
Czech_002980.jpg,Caio
Czech_002993.jpg,Caio
Czech_002998.jpg,Caio
Czech_003001.jpg,Fernando
Czech_003003.jpg,Caio
Czech_003025.jpg,Caio
Czech_003049.jpg,Caio
Czech_003072.jpg,Fernando
Czech_003095.jpg,Caio
Czech_003117.jpg,Fernando
Czech_003120.jpg,Caio
Czech_003169.jpg,Fernando
Czech_003188.jpg,Caio
Czech_003241.jpg,Fernando
Czech_003285.jpg,Caio
Czech_003364.jpg,Fernando
Czech_003394.jpg,Caio
Czech_003477.jpg,Fernando
Czech_003500.jpg,Caio
Czech_003510.jpg,Caio
Czech_003536.jpg,Fernando
Czech_003537.jpg,Fernando
Czech_003560.jpg,Fernando
Czech_003564.jpg,Fernando
Czech_003565.jpg,Caio
Czech_003570.jpg,Fernando
Czech_003580.jpg,Caio
Czech_003584.jpg,Fernando
India_000005.jpg,Caio
India_000017.jpg,Caio
India_000027.jpg,Caio
India_000043.jpg,Caio
India_000052.jpg,Caio
India_000054.jpg,Fernando
India_000055.jpg,Fernando
India_000057.jpg,Fernando
India_000061.jpg,Fernando
India_000067.jpg,Fernando
India_000071.jpg,Fernando
India_000081.jpg,Caio
India_000103.jpg,Fernando
India_000105.jpg,Fernando
India_000109.jpg,Fernando
India_000115.jpg,Fernando
India_000126.jpg,Fernando
India_000127.jpg,Caio
India_000128.jpg,Fernando
India_000131.jpg,Caio
India_000147.jpg,Caio
India_000155.jpg,Fernando
India_000168.jpg,Caio
India_000173.jpg,Fernando
India_000174.jpg,Fernando
India_000193.jpg,Fernando
India_000209.jpg,Fernando
India_000223.jpg,Caio
India_000230.jpg,Caio
India_000241.jpg,Caio
India_000261.jpg,Caio
India_000268.jpg,Fernando
India_000274.jpg,Caio
India_000278.jpg,Fernando
India_000288.jpg,Caio
India_000301.jpg,Caio
India_000316.jpg,Fernando
India_000317.jpg,Fernando
India_000320.jpg,Caio
India_000323.jpg,Fernando
India_000352.jpg,Caio
India_000361.jpg,Caio
India_000367.jpg,Fernando
India_000368.jpg,Fernando
India_000373.jpg,Fernando
India_000383.jpg,Caio
India_000384.jpg,Caio
India_000389.jpg,Fernando
India_000391.jpg,Fernando
India_000392.jpg,Caio
India_000399.jpg,Caio
India_000402.jpg,Caio
India_000431.jpg,Fernando
India_000438.jpg,Caio
India_000439.jpg,Caio
India_000440.jpg,Caio
India_000448.jpg,Caio
India_000456.jpg,Caio
India_000466.jpg,Caio
India_000470.jpg,Fernando
India_000472.jpg,Caio
India_000475.jpg,Caio
India_000485.jpg,Caio
India_000486.jpg,Fernando
India_000517.jpg,Caio
India_000535.jpg,Caio
India_000537.jpg,Fernando
India_000544.jpg,Fernando
India_000545.jpg,Fernando
India_000552.jpg,Caio
India_000557.jpg,Caio
India_000562.jpg,Fernando
India_000563.jpg,Caio
India_000575.jpg,Caio
India_000576.jpg,Caio
India_000579.jpg,Fernando
India_000580.jpg,Caio
India_000581.jpg,Fernando
India_000586.jpg,Caio
India_000590.jpg,Caio
India_000591.jpg,Fernando
India_000595.jpg,Caio
India_000596.jpg,Fernando
India_000612.jpg,Fernando
India_000614.jpg,Caio
India_000618.jpg,Fernando
India_000627.jpg,Caio
India_000628.jpg,Fernando
India_000631.jpg,Caio
India_000644.jpg,Fernando
India_000646.jpg,Fernando
India_000652.jpg,Caio
India_000654.jpg,Caio
India_000659.jpg,Caio
India_000669.jpg,Fernando
India_000682.jpg,Caio
India_000684.jpg,Caio
India_000685.jpg,Caio
India_000701.jpg,Caio
India_000705.jpg,Caio
India_000710.jpg,Caio
India_000714.jpg,Caio
India_000718.jpg,Caio
India_000724.jpg,Caio
India_000729.jpg,Fernando
India_000731.jpg,Caio
India_000732.jpg,Caio
India_000735.jpg,Fernando
India_000743.jpg,Caio
India_000744.jpg,Caio
India_000745.jpg,Fernando
India_000746.jpg,Fernando
India_000747.jpg,Caio
India_000756.jpg,Fernando
India_000759.jpg,Fernando
India_000768.jpg,Caio
India_000770.jpg,Caio
India_000771.jpg,Caio
India_000781.jpg,Fernando
India_000785.jpg,Caio
India_000797.jpg,Fernando
India_000802.jpg,Caio
India_000808.jpg,Caio
India_000812.jpg,Caio
India_000822.jpg,Fernando
India_000823.jpg,Caio
India_000825.jpg,Fernando
India_000831.jpg,Fernando
India_000840.jpg,Caio
India_000846.jpg,Caio
India_000848.jpg,Caio
India_000853.jpg,Caio
India_000855.jpg,Fernando
India_000857.jpg,Fernando
India_000862.jpg,Caio
India_000864.jpg,Caio
India_000873.jpg,Fernando
India_000893.jpg,Fernando
India_000914.jpg,Caio
India_000915.jpg,Caio
India_000921.jpg,Caio
India_000923.jpg,Caio
India_000931.jpg,Fernando
India_000935.jpg,Fernando
India_000942.jpg,Fernando
India_000944.jpg,Fernando
India_000945.jpg,Caio
India_000946.jpg,Caio
India_000963.jpg,Fernando
India_000969.jpg,Fernando
India_000970.jpg,Caio
India_000977.jpg,Caio
India_000979.jpg,Fernando
India_000981.jpg,Caio
India_000993.jpg,Caio
India_000994.jpg,Caio
India_000996.jpg,Fernando
India_000997.jpg,Fernando
India_001005.jpg,Fernando
India_001006.jpg,Fernando
India_001007.jpg,Fernando
India_001008.jpg,Caio
India_001012.jpg,Caio
India_001037.jpg,Caio
India_001038.jpg,Caio
India_001049.jpg,Fernando
India_001051.jpg,Fernando
India_001053.jpg,Fernando
India_001056.jpg,Fernando
India_001058.jpg,Caio
India_001069.jpg,Fernando
India_001088.jpg,Caio
India_001101.jpg,Fernando
India_001103.jpg,Caio
India_001105.jpg,Fernando
India_001112.jpg,Fernando
India_001114.jpg,Caio
India_001121.jpg,Fernando
India_001122.jpg,Fernando
India_001125.jpg,Caio
India_001126.jpg,Caio
India_001133.jpg,Caio
India_001134.jpg,Fernando
India_001135.jpg,Fernando
India_001137.jpg,Fernando
India_001141.jpg,Fernando
India_001145.jpg,Caio
India_001156.jpg,Caio
India_001167.jpg,Fernando
India_001168.jpg,Caio
India_001173.jpg,Caio
India_001174.jpg,Caio
India_001176.jpg,Fernando
India_001180.jpg,Caio
India_001181.jpg,Fernando
India_001186.jpg,Caio
India_001194.jpg,Caio
India_001200.jpg,Caio
India_001213.jpg,Caio
India_001222.jpg,Caio
India_001225.jpg,Caio
India_001230.jpg,Fernando
India_001232.jpg,Fernando
India_001234.jpg,Fernando
India_001236.jpg,Fernando
India_001239.jpg,Caio
India_001242.jpg,Fernando
India_001246.jpg,Caio
India_001247.jpg,Fernando
India_001250.jpg,Caio
India_001251.jpg,Caio
India_001254.jpg,Caio
India_001262.jpg,Fernando
India_001266.jpg,Caio
India_001271.jpg,Caio
India_001275.jpg,Fernando
India_001287.jpg,Fernando
India_001294.jpg,Fernando
India_001295.jpg,Caio
India_001314.jpg,Fernando
India_001319.jpg,Caio
India_001320.jpg,Fernando
India_001338.jpg,Fernando
India_001349.jpg,Caio
India_001367.jpg,Fernando
India_001381.jpg,Caio
India_001385.jpg,Fernando
India_001388.jpg,Caio
India_001392.jpg,Caio
India_001401.jpg,Fernando
India_001407.jpg,Caio
India_001418.jpg,Fernando
India_001419.jpg,Caio
India_001422.jpg,Caio
India_001424.jpg,Fernando
India_001441.jpg,Caio
India_001443.jpg,Fernando
India_001453.jpg,Fernando
India_001456.jpg,Caio
India_001465.jpg,Fernando
India_001466.jpg,Caio
India_001475.jpg,Caio
India_001480.jpg,Caio
India_001485.jpg,Caio
India_001489.jpg,Caio
India_001491.jpg,Fernando
India_001493.jpg,Caio
India_001494.jpg,Fernando
India_001503.jpg,Caio
India_001507.jpg,Caio
India_001516.jpg,Caio
India_001524.jpg,Fernando
India_001526.jpg,Fernando
India_001527.jpg,Caio
India_001528.jpg,Caio
India_001534.jpg,Fernando
India_001550.jpg,Fernando
India_001551.jpg,Fernando
India_001552.jpg,Fernando
India_001553.jpg,Caio
India_001561.jpg,Fernando
India_001566.jpg,Caio
India_001575.jpg,Fernando
India_001578.jpg,Caio
India_001580.jpg,Caio
India_001585.jpg,Fernando
India_001588.jpg,Fernando
India_001596.jpg,Fernando
India_001604.jpg,Fernando
India_001605.jpg,Fernando
India_001620.jpg,Caio
India_001625.jpg,Fernando
India_001640.jpg,Caio
India_001648.jpg,Fernando
India_001649.jpg,Caio
India_001673.jpg,Fernando
India_001680.jpg,Caio
India_001684.jpg,Fernando
India_001687.jpg,Fernando
India_001689.jpg,Caio
India_001690.jpg,Fernando
India_001692.jpg,Fernando
India_001695.jpg,Fernando
India_001697.jpg,Fernando
India_001704.jpg,Caio
India_001708.jpg,Fernando
India_001717.jpg,Caio
India_001722.jpg,Caio
India_001736.jpg,Fernando
India_001737.jpg,Caio
India_001744.jpg,Fernando
India_001757.jpg,Caio
India_001759.jpg,Caio
India_001767.jpg,Caio
India_001779.jpg,Caio
India_001783.jpg,Caio
India_001786.jpg,Caio
India_001787.jpg,Fernando
India_001798.jpg,Fernando
India_001808.jpg,Fernando
India_001809.jpg,Caio
India_001812.jpg,Caio
India_001815.jpg,Caio
India_001817.jpg,Fernando
India_001820.jpg,Fernando
India_001821.jpg,Fernando
India_001831.jpg,Caio
India_001842.jpg,Caio
India_001852.jpg,Caio
India_001854.jpg,Fernando
India_001865.jpg,Fernando
India_001866.jpg,Fernando
India_001872.jpg,Caio
India_001877.jpg,Fernando
India_001887.jpg,Fernando
India_001888.jpg,Fernando
India_001890.jpg,Caio
India_001900.jpg,Caio
India_001902.jpg,Caio
India_001903.jpg,Fernando
India_001904.jpg,Caio
India_001906.jpg,Fernando
India_001907.jpg,Fernando
India_001908.jpg,Fernando
India_001923.jpg,Caio
India_001925.jpg,Caio
India_001932.jpg,Fernando
India_001939.jpg,Caio
India_001967.jpg,Fernando
India_001969.jpg,Caio
India_001977.jpg,Fernando
India_001983.jpg,Fernando
India_001984.jpg,Fernando
India_001989.jpg,Caio
India_001996.jpg,Caio
India_002007.jpg,Fernando
India_002010.jpg,Fernando
India_002020.jpg,Fernando
India_002023.jpg,Fernando
India_002047.jpg,Fernando
India_002048.jpg,Fernando
India_002049.jpg,Fernando
India_002052.jpg,Caio
India_002063.jpg,Caio
India_002064.jpg,Fernando
India_002066.jpg,Caio
India_002069.jpg,Caio
India_002070.jpg,Fernando
India_002074.jpg,Caio
India_002079.jpg,Fernando
India_002082.jpg,Fernando
India_002085.jpg,Caio
India_002087.jpg,Caio
India_002089.jpg,Caio
India_002095.jpg,Caio
India_002098.jpg,Caio
India_002106.jpg,Caio
India_002112.jpg,Fernando
India_002114.jpg,Caio
India_002118.jpg,Caio
India_002119.jpg,Caio
India_002121.jpg,Caio
India_002122.jpg,Fernando
India_002124.jpg,Fernando
India_002133.jpg,Fernando
India_002135.jpg,Fernando
India_002137.jpg,Fernando
India_002148.jpg,Fernando
India_002154.jpg,Caio
India_002200.jpg,Fernando
India_002201.jpg,Fernando
India_002206.jpg,Caio
India_002207.jpg,Caio
India_002222.jpg,Caio
India_002227.jpg,Fernando
India_002247.jpg,Fernando
India_002248.jpg,Caio
India_002249.jpg,Caio
India_002250.jpg,Fernando
India_002253.jpg,Fernando
India_002293.jpg,Fernando
India_002305.jpg,Caio
India_002318.jpg,Caio
India_002319.jpg,Caio
India_002331.jpg,Fernando
India_002340.jpg,Fernando
India_002341.jpg,Fernando
India_002342.jpg,Caio
India_002345.jpg,Caio
India_002363.jpg,Fernando
India_002371.jpg,Fernando
India_002376.jpg,Fernando
India_002385.jpg,Fernando
India_002390.jpg,Fernando
India_002395.jpg,Fernando
India_002404.jpg,Fernando
India_002405.jpg,Fernando
India_002410.jpg,Caio
India_002411.jpg,Fernando
India_002419.jpg,Fernando
India_002426.jpg,Caio
India_002428.jpg,Caio
India_002429.jpg,Fernando
India_002447.jpg,Fernando
India_002459.jpg,Fernando
India_002487.jpg,Caio
India_002496.jpg,Caio
India_002497.jpg,Caio
India_002498.jpg,Caio
India_002499.jpg,Fernando
India_002509.jpg,Fernando
India_002516.jpg,Caio
India_002523.jpg,Fernando
India_002549.jpg,Fernando
India_002550.jpg,Caio
India_002553.jpg,Caio
India_002562.jpg,Fernando
India_002563.jpg,Caio
India_002567.jpg,Fernando
India_002570.jpg,Caio
India_002573.jpg,Caio
India_002585.jpg,Fernando
India_002591.jpg,Caio
India_002593.jpg,Caio
India_002594.jpg,Fernando
India_002608.jpg,Caio
India_002642.jpg,Caio
India_002658.jpg,Caio
India_002664.jpg,Fernando
India_002665.jpg,Fernando
India_002667.jpg,Caio
India_002673.jpg,Fernando
India_002678.jpg,Fernando
India_002679.jpg,Caio
India_002681.jpg,Caio
India_002685.jpg,Caio
India_002696.jpg,Caio
India_002702.jpg,Caio
India_002708.jpg,Fernando
India_002713.jpg,Caio
India_002714.jpg,Fernando
India_002735.jpg,Fernando
India_002745.jpg,Caio
India_002757.jpg,Fernando
India_002759.jpg,Fernando
India_002771.jpg,Caio
India_002772.jpg,Caio
India_002775.jpg,Caio
India_002777.jpg,Caio
India_002784.jpg,Caio
India_002790.jpg,Fernando
India_002793.jpg,Fernando
India_002795.jpg,Fernando
India_002804.jpg,Fernando
India_002810.jpg,Fernando
India_002818.jpg,Fernando
India_002832.jpg,Caio
India_002843.jpg,Fernando
India_002846.jpg,Fernando
India_002854.jpg,Caio
India_002860.jpg,Caio
India_002871.jpg,Fernando
India_002875.jpg,Fernando
India_002877.jpg,Caio
India_002880.jpg,Fernando
India_002881.jpg,Caio
India_002889.jpg,Fernando
India_002894.jpg,Fernando
India_002901.jpg,Caio
India_002903.jpg,Caio
India_002914.jpg,Caio
India_002921.jpg,Fernando
India_002924.jpg,Caio
India_002925.jpg,Caio
India_002939.jpg,Caio
India_002945.jpg,Fernando
India_002946.jpg,Caio
India_002948.jpg,Caio
India_002954.jpg,Caio
India_002956.jpg,Fernando
India_002960.jpg,Fernando
India_002968.jpg,Caio
India_002972.jpg,Caio
India_002973.jpg,Caio
India_002976.jpg,Caio
India_002978.jpg,Caio
India_002994.jpg,Fernando
India_002995.jpg,Caio
India_003006.jpg,Caio
India_003011.jpg,Fernando
India_003013.jpg,Caio
India_003017.jpg,Fernando
India_003018.jpg,Caio
India_003028.jpg,Caio
India_003029.jpg,Fernando
India_003033.jpg,Fernando
India_003042.jpg,Caio
India_003048.jpg,Fernando
India_003051.jpg,Fernando
India_003056.jpg,Fernando
India_003057.jpg,Caio
India_003063.jpg,Caio
India_003065.jpg,Caio
India_003079.jpg,Caio
India_003083.jpg,Fernando
India_003085.jpg,Fernando
India_003087.jpg,Caio
India_003096.jpg,Caio
India_003100.jpg,Caio
India_003102.jpg,Caio
India_003103.jpg,Fernando
India_003110.jpg,Fernando
India_003118.jpg,Caio
India_003120.jpg,Fernando
India_003121.jpg,Caio
India_003125.jpg,Caio
India_003126.jpg,Caio
India_003143.jpg,Caio
India_003150.jpg,Fernando
India_003151.jpg,Caio
India_003152.jpg,Fernando
India_003161.jpg,Caio
India_003168.jpg,Fernando
India_003171.jpg,Fernando
India_003172.jpg,Caio
India_003177.jpg,Caio
India_003186.jpg,Fernando
India_003191.jpg,Fernando
India_003201.jpg,Caio
India_003214.jpg,Caio
India_003217.jpg,Caio
India_003228.jpg,Caio
India_003231.jpg,Fernando
India_003239.jpg,Fernando
India_003251.jpg,Fernando
India_003262.jpg,Fernando
India_003272.jpg,Caio
India_003274.jpg,Fernando
India_003278.jpg,Caio
India_003284.jpg,Caio
India_003292.jpg,Fernando
India_003312.jpg,Caio
India_003318.jpg,Caio
India_003323.jpg,Fernando
India_003334.jpg,Fernando
India_003353.jpg,Fernando
India_003362.jpg,Caio
India_003365.jpg,Caio
India_003366.jpg,Caio
India_003368.jpg,Fernando
India_003373.jpg,Caio
India_003376.jpg,Caio
India_003384.jpg,Caio
India_003391.jpg,Caio
India_003406.jpg,Caio
India_003411.jpg,Fernando
India_003412.jpg,Fernando
India_003422.jpg,Fernando
India_003424.jpg,Caio
India_003426.jpg,Caio
India_003431.jpg,Fernando
India_003433.jpg,Fernando
India_003446.jpg,Fernando
India_003475.jpg,Fernando
India_003490.jpg,Fernando
India_003495.jpg,Fernando
India_003502.jpg,Caio
India_003512.jpg,Caio
India_003535.jpg,Caio
India_003542.jpg,Fernando
India_003547.jpg,Fernando
India_003550.jpg,Caio
India_003553.jpg,Caio
India_003556.jpg,Fernando
India_003561.jpg,Caio
India_003565.jpg,Caio
India_003567.jpg,Caio
India_003571.jpg,Fernando
India_003576.jpg,Caio
India_003609.jpg,Caio
India_003610.jpg,Caio
India_003611.jpg,Caio
India_003619.jpg,Caio
India_003624.jpg,Fernando
India_003654.jpg,Caio
India_003658.jpg,Caio
India_003660.jpg,Caio
India_003682.jpg,Fernando
India_003686.jpg,Fernando
India_003696.jpg,Caio
India_003697.jpg,Caio
India_003699.jpg,Fernando
India_003700.jpg,Caio
India_003702.jpg,Fernando
India_003704.jpg,Caio
India_003709.jpg,Fernando
India_003710.jpg,Caio
India_003722.jpg,Caio
India_003731.jpg,Fernando
India_003741.jpg,Caio
India_003747.jpg,Fernando
India_003759.jpg,Fernando
India_003761.jpg,Caio
India_003764.jpg,Fernando
India_003774.jpg,Fernando
India_003776.jpg,Fernando
India_003778.jpg,Fernando
India_003795.jpg,Fernando
India_003805.jpg,Caio
India_003806.jpg,Caio
India_003817.jpg,Fernando
India_003835.jpg,Caio
India_003857.jpg,Caio
India_003864.jpg,Fernando
India_003865.jpg,Fernando
India_003872.jpg,Caio
India_003878.jpg,Fernando
India_003879.jpg,Fernando
India_003883.jpg,Fernando
India_003884.jpg,Caio
India_003886.jpg,Caio
India_003909.jpg,Fernando
India_003911.jpg,Caio
India_003913.jpg,Fernando
India_003923.jpg,Caio
India_003925.jpg,Caio
India_003926.jpg,Fernando
India_003936.jpg,Caio
India_003939.jpg,Caio
India_003941.jpg,Fernando
India_003951.jpg,Fernando
India_003967.jpg,Fernando
India_003973.jpg,Fernando
India_003975.jpg,Fernando
India_003976.jpg,Caio
India_003980.jpg,Caio
India_003987.jpg,Caio
India_003993.jpg,Caio
India_004003.jpg,Fernando
India_004022.jpg,Caio
India_004028.jpg,Fernando
India_004029.jpg,Fernando
India_004033.jpg,Caio
India_004043.jpg,Caio
India_004047.jpg,Fernando
India_004060.jpg,Caio
India_004065.jpg,Caio
India_004070.jpg,Caio
India_004091.jpg,Caio
India_004100.jpg,Fernando
India_004104.jpg,Fernando
India_004107.jpg,Fernando
India_004108.jpg,Fernando
India_004110.jpg,Caio
India_004116.jpg,Fernando
India_004121.jpg,Fernando
India_004126.jpg,Caio
India_004132.jpg,Fernando
India_004133.jpg,Caio
India_004136.jpg,Caio
India_004143.jpg,Fernando
India_004161.jpg,Caio
India_004176.jpg,Caio
India_004178.jpg,Caio
India_004181.jpg,Fernando
India_004184.jpg,Fernando
India_004185.jpg,Caio
India_004196.jpg,Fernando
India_004208.jpg,Caio
India_004209.jpg,Caio
India_004226.jpg,Fernando
India_004243.jpg,Caio
India_004253.jpg,Fernando
India_004256.jpg,Caio
India_004263.jpg,Caio
India_004278.jpg,Fernando
India_004285.jpg,Caio
India_004290.jpg,Fernando
India_004293.jpg,Caio
India_004294.jpg,Fernando
India_004298.jpg,Fernando
India_004299.jpg,Caio
India_004312.jpg,Fernando
India_004320.jpg,Fernando
India_004321.jpg,Caio
India_004327.jpg,Caio
India_004331.jpg,Caio
India_004338.jpg,Fernando
India_004340.jpg,Fernando
India_004342.jpg,Caio
India_004343.jpg,Fernando
India_004345.jpg,Caio
India_004363.jpg,Fernando
India_004365.jpg,Caio
India_004370.jpg,Caio
India_004385.jpg,Caio
India_004387.jpg,Fernando
India_004392.jpg,Fernando
India_004393.jpg,Caio
India_004398.jpg,Fernando
India_004403.jpg,Fernando
India_004414.jpg,Caio
India_004430.jpg,Fernando
India_004434.jpg,Fernando
India_004441.jpg,Caio
India_004444.jpg,Caio
India_004449.jpg,Fernando
India_004459.jpg,Fernando
India_004461.jpg,Fernando
India_004469.jpg,Caio
India_004472.jpg,Caio
India_004483.jpg,Caio
India_004485.jpg,Fernando
India_004509.jpg,Fernando
India_004511.jpg,Caio
India_004512.jpg,Fernando
India_004524.jpg,Fernando
India_004525.jpg,Fernando
India_004542.jpg,Fernando
India_004551.jpg,Caio
India_004553.jpg,Fernando
India_004556.jpg,Caio
India_004586.jpg,Caio
India_004592.jpg,Fernando
India_004593.jpg,Caio
India_004600.jpg,Caio
India_004606.jpg,Caio
India_004612.jpg,Caio
India_004613.jpg,Caio
India_004626.jpg,Fernando
India_004627.jpg,Fernando
India_004629.jpg,Fernando
India_004632.jpg,Caio
India_004633.jpg,Caio
India_004639.jpg,Caio
India_004655.jpg,Fernando
India_004657.jpg,Fernando
India_004663.jpg,Caio
India_004669.jpg,Fernando
India_004686.jpg,Caio
India_004695.jpg,Caio
India_004701.jpg,Caio
India_004705.jpg,Caio
India_004706.jpg,Caio
India_004710.jpg,Fernando
India_004717.jpg,Fernando
India_004719.jpg,Caio
India_004724.jpg,Caio
India_004726.jpg,Fernando
India_004732.jpg,Fernando
India_004735.jpg,Caio
India_004739.jpg,Fernando
India_004749.jpg,Fernando
India_004755.jpg,Fernando
India_004759.jpg,Caio
India_004779.jpg,Caio
India_004801.jpg,Fernando
India_004815.jpg,Caio
India_004828.jpg,Caio
India_004832.jpg,Fernando
India_004837.jpg,Fernando
India_004854.jpg,Fernando
India_004863.jpg,Fernando
India_004865.jpg,Fernando
India_004876.jpg,Caio
India_004877.jpg,Caio
India_004880.jpg,Fernando
India_004882.jpg,Caio
India_004887.jpg,Fernando
India_004894.jpg,Caio
India_004899.jpg,Caio
India_004908.jpg,Fernando
India_004928.jpg,Caio
India_004935.jpg,Fernando
India_004940.jpg,Fernando
India_004944.jpg,Caio
India_004958.jpg,Fernando
India_004959.jpg,Caio
India_004980.jpg,Fernando
India_004984.jpg,Fernando
India_005005.jpg,Fernando
India_005014.jpg,Fernando
India_005016.jpg,Fernando
India_005022.jpg,Caio
India_005040.jpg,Caio
India_005044.jpg,Caio
India_005047.jpg,Fernando
India_005053.jpg,Fernando
India_005059.jpg,Caio
India_005067.jpg,Caio
India_005071.jpg,Caio
India_005078.jpg,Fernando
India_005080.jpg,Caio
India_005081.jpg,Fernando
India_005084.jpg,Fernando
India_005088.jpg,Caio
India_005122.jpg,Fernando
India_005124.jpg,Fernando
India_005129.jpg,Fernando
India_005135.jpg,Caio
India_005138.jpg,Fernando
India_005150.jpg,Fernando
India_005152.jpg,Fernando
India_005163.jpg,Fernando
India_005191.jpg,Caio
India_005197.jpg,Caio
India_005219.jpg,Fernando
India_005231.jpg,Fernando
India_005245.jpg,Fernando
India_005247.jpg,Fernando
India_005258.jpg,Fernando
India_005260.jpg,Caio
India_005266.jpg,Caio
India_005269.jpg,Fernando
India_005280.jpg,Fernando
India_005282.jpg,Caio
India_005284.jpg,Fernando
India_005285.jpg,Fernando
India_005286.jpg,Fernando
India_005289.jpg,Fernando
India_005291.jpg,Caio
India_005294.jpg,Caio
India_005297.jpg,Caio
India_005298.jpg,Caio
India_005305.jpg,Caio
India_005314.jpg,Fernando
India_005337.jpg,Fernando
India_005343.jpg,Fernando
India_005348.jpg,Fernando
India_005350.jpg,Fernando
India_005351.jpg,Fernando
India_005372.jpg,Fernando
India_005373.jpg,Caio
India_005397.jpg,Fernando
India_005399.jpg,Caio
India_005402.jpg,Fernando
India_005411.jpg,Fernando
India_005412.jpg,Fernando
India_005420.jpg,Caio
India_005421.jpg,Caio
India_005427.jpg,Caio
India_005436.jpg,Fernando
India_005439.jpg,Caio
India_005445.jpg,Caio
India_005446.jpg,Fernando
India_005447.jpg,Fernando
India_005455.jpg,Caio
India_005467.jpg,Fernando
India_005469.jpg,Fernando
India_005472.jpg,Caio
India_005473.jpg,Caio
India_005486.jpg,Fernando
India_005489.jpg,Caio
India_005490.jpg,Caio
India_005496.jpg,Caio
India_005510.jpg,Fernando
India_005519.jpg,Caio
India_005526.jpg,Fernando
India_005539.jpg,Fernando
India_005541.jpg,Fernando
India_005543.jpg,Caio
India_005545.jpg,Caio
India_005546.jpg,Fernando
India_005547.jpg,Fernando
India_005548.jpg,Fernando
India_005550.jpg,Fernando
India_005559.jpg,Fernando
India_005564.jpg,Fernando
India_005569.jpg,Caio
India_005578.jpg,Fernando
India_005588.jpg,Caio
India_005595.jpg,Fernando
India_005601.jpg,Caio
India_005603.jpg,Fernando
India_005611.jpg,Caio
India_005612.jpg,Fernando
India_005621.jpg,Caio
India_005643.jpg,Fernando
India_005655.jpg,Caio
India_005656.jpg,Fernando
India_005660.jpg,Caio
India_005661.jpg,Fernando
India_005676.jpg,Fernando
India_005693.jpg,Caio
India_005697.jpg,Caio
India_005698.jpg,Fernando
India_005701.jpg,Caio
India_005704.jpg,Fernando
India_005713.jpg,Fernando
India_005715.jpg,Fernando
India_005717.jpg,Caio
India_005724.jpg,Fernando
India_005743.jpg,Caio
India_005755.jpg,Fernando
India_005757.jpg,Fernando
India_005760.jpg,Caio
India_005761.jpg,Fernando
India_005762.jpg,Caio
India_005774.jpg,Fernando
India_005775.jpg,Caio
India_005777.jpg,Fernando
India_005781.jpg,Fernando
India_005784.jpg,Caio
India_005797.jpg,Caio
India_005801.jpg,Fernando
India_005810.jpg,Caio
India_005820.jpg,Fernando
India_005824.jpg,Caio
India_005856.jpg,Fernando
India_005870.jpg,Fernando
India_005878.jpg,Caio
India_005884.jpg,Caio
India_005886.jpg,Fernando
India_005887.jpg,Fernando
India_005895.jpg,Fernando
India_005900.jpg,Caio
India_005937.jpg,Caio
India_005938.jpg,Fernando
India_005941.jpg,Caio
India_005962.jpg,Caio
India_005968.jpg,Fernando
India_005976.jpg,Fernando
India_005993.jpg,Fernando
India_005995.jpg,Caio
India_006004.jpg,Fernando
India_006027.jpg,Caio
India_006031.jpg,Fernando
India_006033.jpg,Caio
India_006045.jpg,Caio
India_006061.jpg,Fernando
India_006076.jpg,Caio
India_006087.jpg,Caio
India_006095.jpg,Fernando
India_006098.jpg,Fernando
India_006100.jpg,Caio
India_006103.jpg,Fernando
India_006109.jpg,Caio
India_006112.jpg,Caio
India_006114.jpg,Fernando
India_006115.jpg,Fernando
India_006117.jpg,Fernando
India_006127.jpg,Fernando
India_006132.jpg,Caio
India_006137.jpg,Caio
India_006148.jpg,Caio
India_006160.jpg,Fernando
India_006167.jpg,Caio
India_006174.jpg,Caio
India_006177.jpg,Fernando
India_006187.jpg,Caio
India_006197.jpg,Fernando
India_006201.jpg,Fernando
India_006202.jpg,Caio
India_006212.jpg,Fernando
India_006214.jpg,Fernando
India_006237.jpg,Caio
India_006239.jpg,Fernando
India_006248.jpg,Fernando
India_006250.jpg,Fernando
India_006257.jpg,Caio
India_006269.jpg,Caio
India_006274.jpg,Caio
India_006275.jpg,Fernando
India_006290.jpg,Fernando
India_006293.jpg,Caio
India_006295.jpg,Fernando
India_006297.jpg,Caio
India_006305.jpg,Caio
India_006316.jpg,Fernando
India_006318.jpg,Fernando
India_006320.jpg,Caio
India_006322.jpg,Fernando
India_006325.jpg,Caio
India_006326.jpg,Fernando
India_006327.jpg,Caio
India_006328.jpg,Fernando
India_006336.jpg,Caio
India_006339.jpg,Fernando
India_006342.jpg,Caio
India_006362.jpg,Fernando
India_006364.jpg,Fernando
India_006365.jpg,Fernando
India_006367.jpg,Caio
India_006368.jpg,Fernando
India_006369.jpg,Caio
India_006373.jpg,Fernando
India_006378.jpg,Caio
India_006382.jpg,Caio
India_006388.jpg,Caio
India_006397.jpg,Fernando
India_006406.jpg,Fernando
India_006411.jpg,Caio
India_006433.jpg,Caio
India_006444.jpg,Fernando
India_006447.jpg,Caio
India_006450.jpg,Caio
India_006452.jpg,Caio
India_006462.jpg,Fernando
India_006465.jpg,Caio
India_006466.jpg,Caio
India_006469.jpg,Caio
India_006473.jpg,Caio
India_006474.jpg,Fernando
India_006476.jpg,Fernando
India_006490.jpg,Fernando
India_006502.jpg,Fernando
India_006518.jpg,Fernando
India_006520.jpg,Fernando
India_006524.jpg,Caio
India_006529.jpg,Caio
India_006530.jpg,Fernando
India_006532.jpg,Fernando
India_006535.jpg,Fernando
India_006536.jpg,Caio
India_006544.jpg,Caio
India_006549.jpg,Fernando
India_006555.jpg,Caio
India_006564.jpg,Fernando
India_006580.jpg,Fernando
India_006581.jpg,Fernando
India_006593.jpg,Caio
India_006595.jpg,Caio
India_006601.jpg,Fernando
India_006603.jpg,Caio
India_006608.jpg,Caio
India_006613.jpg,Caio
India_006614.jpg,Fernando
India_006619.jpg,Caio
India_006622.jpg,Caio
India_006630.jpg,Fernando
India_006633.jpg,Fernando
India_006634.jpg,Caio
India_006640.jpg,Fernando
India_006647.jpg,Fernando
India_006651.jpg,Fernando
India_006665.jpg,Caio
India_006670.jpg,Caio
India_006672.jpg,Caio
India_006673.jpg,Caio
India_006677.jpg,Fernando
India_006691.jpg,Fernando
India_006697.jpg,Fernando
India_006699.jpg,Fernando
India_006702.jpg,Caio
India_006707.jpg,Fernando
India_006710.jpg,Fernando
India_006713.jpg,Fernando
India_006714.jpg,Caio
India_006739.jpg,Fernando
India_006749.jpg,Fernando
India_006751.jpg,Fernando
India_006756.jpg,Caio
India_006760.jpg,Fernando
India_006767.jpg,Fernando
India_006768.jpg,Caio
India_006777.jpg,Fernando
India_006780.jpg,Fernando
India_006787.jpg,Caio
India_006794.jpg,Caio
India_006808.jpg,Fernando
India_006845.jpg,Fernando
India_006847.jpg,Caio
India_006851.jpg,Fernando
India_006862.jpg,Fernando
India_006873.jpg,Caio
India_006874.jpg,Caio
India_006883.jpg,Caio
India_006889.jpg,Caio
India_006896.jpg,Caio
India_006899.jpg,Fernando
India_006910.jpg,Caio
India_006912.jpg,Caio
India_006920.jpg,Caio
India_006928.jpg,Fernando
India_006933.jpg,Caio
India_006938.jpg,Caio
India_006945.jpg,Fernando
India_006953.jpg,Fernando
India_006962.jpg,Fernando
India_006967.jpg,Fernando
India_006970.jpg,Caio
India_006973.jpg,Fernando
India_006974.jpg,Fernando
India_006977.jpg,Fernando
India_006995.jpg,Fernando
India_006998.jpg,Caio
India_006999.jpg,Caio
India_007000.jpg,Caio
India_007001.jpg,Caio
India_007002.jpg,Fernando
India_007007.jpg,Caio
India_007034.jpg,Caio
India_007042.jpg,Fernando
India_007051.jpg,Fernando
India_007053.jpg,Fernando
India_007066.jpg,Fernando
India_007071.jpg,Fernando
India_007074.jpg,Fernando
India_007101.jpg,Fernando
India_007105.jpg,Caio
India_007113.jpg,Caio
India_007123.jpg,Caio
India_007147.jpg,Fernando
India_007153.jpg,Fernando
India_007155.jpg,Fernando
India_007159.jpg,Caio
India_007168.jpg,Fernando
India_007172.jpg,Fernando
India_007175.jpg,Caio
India_007185.jpg,Caio
India_007189.jpg,Caio
India_007198.jpg,Caio
India_007204.jpg,Fernando
India_007205.jpg,Fernando
India_007211.jpg,Caio
India_007226.jpg,Caio
India_007240.jpg,Fernando
India_007246.jpg,Caio
India_007259.jpg,Caio
India_007271.jpg,Caio
India_007277.jpg,Caio
India_007281.jpg,Fernando
India_007291.jpg,Caio
India_007293.jpg,Fernando
India_007299.jpg,Fernando
India_007308.jpg,Caio
India_007309.jpg,Caio
India_007310.jpg,Caio
India_007321.jpg,Caio
India_007322.jpg,Caio
India_007327.jpg,Fernando
India_007329.jpg,Caio
India_007342.jpg,Caio
India_007343.jpg,Fernando
India_007357.jpg,Fernando
India_007362.jpg,Fernando
India_007363.jpg,Caio
India_007368.jpg,Fernando
India_007371.jpg,Caio
India_007383.jpg,Fernando
India_007390.jpg,Caio
India_007399.jpg,Caio
India_007404.jpg,Caio
India_007409.jpg,Fernando
India_007418.jpg,Caio
India_007420.jpg,Caio
India_007422.jpg,Caio
India_007432.jpg,Caio
India_007450.jpg,Fernando
India_007464.jpg,Fernando
India_007465.jpg,Fernando
India_007474.jpg,Fernando
India_007484.jpg,Fernando
India_007491.jpg,Caio
India_007518.jpg,Caio
India_007529.jpg,Fernando
India_007530.jpg,Fernando
India_007537.jpg,Fernando
India_007555.jpg,Caio
India_007572.jpg,Caio
India_007578.jpg,Fernando
India_007579.jpg,Caio
India_007581.jpg,Caio
India_007584.jpg,Caio
India_007587.jpg,Fernando
India_007592.jpg,Caio
India_007604.jpg,Fernando
India_007611.jpg,Fernando
India_007616.jpg,Caio
India_007627.jpg,Fernando
India_007628.jpg,Fernando
India_007629.jpg,Caio
India_007630.jpg,Caio
India_007633.jpg,Fernando
India_007637.jpg,Fernando
India_007641.jpg,Fernando
India_007642.jpg,Fernando
India_007644.jpg,Fernando
India_007647.jpg,Fernando
India_007650.jpg,Fernando
India_007651.jpg,Caio
India_007658.jpg,Caio
India_007672.jpg,Caio
India_007697.jpg,Fernando
India_007699.jpg,Caio
India_007706.jpg,Fernando
India_007707.jpg,Caio
India_007712.jpg,Caio
India_007713.jpg,Fernando
India_007716.jpg,Caio
India_007720.jpg,Fernando
India_007722.jpg,Fernando
India_007723.jpg,Fernando
India_007734.jpg,Caio
India_007735.jpg,Caio
India_007737.jpg,Caio
India_007740.jpg,Fernando
India_007745.jpg,Caio
India_007749.jpg,Caio
India_007766.jpg,Caio
India_007781.jpg,Fernando
India_007782.jpg,Fernando
India_007785.jpg,Fernando
India_007789.jpg,Fernando
India_007791.jpg,Caio
India_007801.jpg,Fernando
India_007806.jpg,Caio
India_007810.jpg,Fernando
India_007852.jpg,Fernando
India_007861.jpg,Fernando
India_007863.jpg,Fernando
India_007880.jpg,Fernando
India_007883.jpg,Fernando
India_007890.jpg,Caio
India_007893.jpg,Fernando
India_007900.jpg,Caio
India_007909.jpg,Fernando
India_007912.jpg,Fernando
India_007915.jpg,Fernando
India_007917.jpg,Caio
India_007943.jpg,Fernando
India_007946.jpg,Caio
India_007954.jpg,Fernando
India_007955.jpg,Caio
India_007962.jpg,Fernando
India_007972.jpg,Caio
India_007974.jpg,Caio
India_007981.jpg,Caio
India_007983.jpg,Caio
India_007989.jpg,Caio
India_007991.jpg,Fernando
India_007998.jpg,Caio
India_008004.jpg,Caio
India_008007.jpg,Caio
India_008012.jpg,Fernando
India_008013.jpg,Fernando
India_008015.jpg,Fernando
India_008016.jpg,Caio
India_008017.jpg,Fernando
India_008022.jpg,Caio
India_008025.jpg,Fernando
India_008027.jpg,Caio
India_008029.jpg,Caio
India_008034.jpg,Fernando
India_008035.jpg,Fernando
India_008037.jpg,Caio
India_008064.jpg,Fernando
India_008070.jpg,Fernando
India_008084.jpg,Caio
India_008094.jpg,Caio
India_008099.jpg,Caio
India_008105.jpg,Fernando
India_008116.jpg,Caio
India_008119.jpg,Caio
India_008127.jpg,Caio
India_008134.jpg,Caio
India_008139.jpg,Caio
India_008142.jpg,Fernando
India_008154.jpg,Caio
India_008157.jpg,Fernando
India_008163.jpg,Fernando
India_008177.jpg,Fernando
India_008183.jpg,Fernando
India_008188.jpg,Caio
India_008207.jpg,Caio
India_008209.jpg,Caio
India_008223.jpg,Fernando
India_008224.jpg,Fernando
India_008226.jpg,Caio
India_008227.jpg,Caio
India_008233.jpg,Fernando
India_008241.jpg,Fernando
India_008244.jpg,Fernando
India_008249.jpg,Caio
India_008250.jpg,Caio
India_008261.jpg,Caio
India_008263.jpg,Caio
India_008267.jpg,Fernando
India_008271.jpg,Caio
India_008279.jpg,Caio
India_008282.jpg,Fernando
India_008285.jpg,Fernando
India_008292.jpg,Fernando
India_008296.jpg,Fernando
India_008297.jpg,Fernando
India_008301.jpg,Caio
India_008304.jpg,Fernando
India_008308.jpg,Fernando
India_008317.jpg,Fernando
India_008321.jpg,Caio
India_008327.jpg,Caio
India_008336.jpg,Caio
India_008339.jpg,Fernando
India_008367.jpg,Caio
India_008378.jpg,Fernando
India_008383.jpg,Fernando
India_008386.jpg,Fernando
India_008389.jpg,Fernando
India_008390.jpg,Caio
India_008395.jpg,Caio
India_008400.jpg,Fernando
India_008416.jpg,Fernando
India_008421.jpg,Caio
India_008425.jpg,Fernando
India_008436.jpg,Caio
India_008437.jpg,Fernando
India_008440.jpg,Fernando
India_008446.jpg,Fernando
India_008458.jpg,Caio
India_008465.jpg,Caio
India_008471.jpg,Fernando
India_008475.jpg,Fernando
India_008479.jpg,Caio
India_008492.jpg,Caio
India_008499.jpg,Fernando
India_008503.jpg,Fernando
India_008505.jpg,Fernando
India_008511.jpg,Fernando
India_008512.jpg,Fernando
India_008523.jpg,Caio
India_008524.jpg,Fernando
India_008535.jpg,Caio
India_008544.jpg,Fernando
India_008548.jpg,Fernando
India_008557.jpg,Caio
India_008563.jpg,Fernando
India_008569.jpg,Caio
India_008572.jpg,Caio
India_008576.jpg,Fernando
India_008597.jpg,Fernando
India_008609.jpg,Caio
India_008618.jpg,Fernando
India_008620.jpg,Caio
India_008627.jpg,Caio
India_008632.jpg,Fernando
India_008636.jpg,Caio
India_008639.jpg,Caio
India_008652.jpg,Caio
India_008659.jpg,Caio
India_008661.jpg,Caio
India_008662.jpg,Fernando
India_008667.jpg,Caio
India_008670.jpg,Fernando
India_008673.jpg,Fernando
India_008676.jpg,Caio
India_008677.jpg,Fernando
India_008682.jpg,Fernando
India_008694.jpg,Caio
India_008695.jpg,Fernando
India_008698.jpg,Caio
India_008701.jpg,Caio
India_008703.jpg,Fernando
India_008712.jpg,Fernando
India_008726.jpg,Caio
India_008728.jpg,Fernando
India_008733.jpg,Caio
India_008746.jpg,Caio
India_008749.jpg,Fernando
India_008750.jpg,Caio
India_008752.jpg,Fernando
India_008762.jpg,Caio
India_008771.jpg,Fernando
India_008772.jpg,Fernando
India_008789.jpg,Caio
India_008801.jpg,Fernando
India_008802.jpg,Caio
India_008807.jpg,Caio
India_008819.jpg,Caio
India_008821.jpg,Fernando
India_008826.jpg,Fernando
India_008852.jpg,Caio
India_008860.jpg,Caio
India_008867.jpg,Fernando
India_008870.jpg,Caio
India_008872.jpg,Caio
India_008881.jpg,Fernando
India_008906.jpg,Caio
India_008915.jpg,Fernando
India_008925.jpg,Fernando
India_008926.jpg,Caio
India_008927.jpg,Fernando
India_008933.jpg,Fernando
India_008942.jpg,Caio
India_008944.jpg,Fernando
India_008948.jpg,Caio
India_008950.jpg,Fernando
India_008953.jpg,Caio
India_008957.jpg,Caio
India_008963.jpg,Caio
India_008969.jpg,Caio
India_008971.jpg,Fernando
India_008984.jpg,Caio
India_008988.jpg,Fernando
India_008991.jpg,Fernando
India_009001.jpg,Fernando
India_009009.jpg,Caio
India_009011.jpg,Caio
India_009013.jpg,Caio
India_009017.jpg,Fernando
India_009023.jpg,Caio
India_009041.jpg,Fernando
India_009051.jpg,Fernando
India_009054.jpg,Fernando
India_009065.jpg,Caio
India_009071.jpg,Caio
India_009080.jpg,Fernando
India_009097.jpg,Caio
India_009100.jpg,Fernando
India_009117.jpg,Caio
India_009122.jpg,Fernando
India_009123.jpg,Fernando
India_009129.jpg,Fernando
India_009131.jpg,Fernando
India_009138.jpg,Caio
India_009142.jpg,Caio
India_009144.jpg,Caio
India_009148.jpg,Caio
India_009151.jpg,Caio
India_009153.jpg,Fernando
India_009157.jpg,Fernando
India_009161.jpg,Fernando
India_009163.jpg,Fernando
India_009171.jpg,Fernando
India_009173.jpg,Fernando
India_009177.jpg,Fernando
India_009180.jpg,Fernando
India_009185.jpg,Caio
India_009205.jpg,Caio
India_009213.jpg,Caio
India_009221.jpg,Caio
India_009225.jpg,Caio
India_009226.jpg,Caio
India_009245.jpg,Fernando
India_009249.jpg,Fernando
India_009250.jpg,Fernando
India_009251.jpg,Fernando
India_009254.jpg,Caio
India_009268.jpg,Caio
India_009269.jpg,Caio
India_009272.jpg,Caio
India_009279.jpg,Caio
India_009281.jpg,Caio
India_009287.jpg,Caio
India_009303.jpg,Fernando
India_009311.jpg,Fernando
India_009317.jpg,Caio
India_009318.jpg,Fernando
India_009329.jpg,Fernando
India_009337.jpg,Fernando
India_009339.jpg,Fernando
India_009346.jpg,Caio
India_009348.jpg,Fernando
India_009359.jpg,Caio
India_009376.jpg,Caio
India_009377.jpg,Fernando
India_009380.jpg,Caio
India_009381.jpg,Fernando
India_009389.jpg,Fernando
India_009391.jpg,Caio
India_009392.jpg,Fernando
India_009397.jpg,Fernando
India_009406.jpg,Fernando
India_009415.jpg,Fernando
India_009426.jpg,Fernando
India_009430.jpg,Fernando
India_009434.jpg,Fernando
India_009435.jpg,Fernando
India_009436.jpg,Fernando
India_009441.jpg,Fernando
India_009448.jpg,Caio
India_009455.jpg,Fernando
India_009458.jpg,Fernando
India_009478.jpg,Caio
India_009510.jpg,Caio
India_009517.jpg,Caio
India_009526.jpg,Fernando
India_009528.jpg,Fernando
India_009536.jpg,Fernando
India_009544.jpg,Caio
India_009553.jpg,Caio
India_009564.jpg,Caio
India_009573.jpg,Fernando
India_009579.jpg,Fernando
India_009581.jpg,Fernando
India_009586.jpg,Fernando
India_009593.jpg,Caio
India_009603.jpg,Fernando
India_009605.jpg,Fernando
India_009612.jpg,Caio
India_009619.jpg,Fernando
India_009630.jpg,Caio
India_009633.jpg,Fernando
India_009638.jpg,Fernando
India_009640.jpg,Fernando
India_009656.jpg,Fernando
India_009663.jpg,Fernando
India_009667.jpg,Fernando
India_009678.jpg,Fernando
India_009679.jpg,Fernando
India_009682.jpg,Fernando
India_009685.jpg,Fernando
India_009688.jpg,Caio
India_009691.jpg,Caio
India_009723.jpg,Caio
India_009725.jpg,Caio
India_009734.jpg,Fernando
India_009735.jpg,Caio
India_009742.jpg,Caio
India_009748.jpg,Caio
India_009752.jpg,Fernando
India_009756.jpg,Fernando
India_009763.jpg,Fernando
India_009765.jpg,Caio
India_009782.jpg,Caio
India_009785.jpg,Caio
India_009792.jpg,Caio
India_009794.jpg,Fernando
India_009813.jpg,Caio
India_009817.jpg,Caio
India_009826.jpg,Caio
India_009830.jpg,Fernando
India_009832.jpg,Caio
India_009836.jpg,Caio
India_009841.jpg,Caio
India_009856.jpg,Caio
India_009863.jpg,Caio
India_009864.jpg,Fernando
India_009869.jpg,Caio
India_009881.jpg,Fernando
India_009890.jpg,Fernando
Japan_000000.jpg,Caio
Japan_000013.jpg,Caio
Japan_000017.jpg,Fernando
Japan_000023.jpg,Fernando
Japan_000040.jpg,Caio
Japan_000062.jpg,Fernando
Japan_000064.jpg,Fernando
Japan_000068.jpg,Fernando
Japan_000073.jpg,Fernando
Japan_000074.jpg,Caio
Japan_000081.jpg,Caio
Japan_000085.jpg,Fernando
Japan_000087.jpg,Caio
Japan_000090.jpg,Caio
Japan_000117.jpg,Caio
Japan_000129.jpg,Fernando
Japan_000165.jpg,Fernando
Japan_000166.jpg,Fernando
Japan_000172.jpg,Fernando
Japan_000184.jpg,Fernando
Japan_000187.jpg,Caio
Japan_000189.jpg,Fernando
Japan_000254.jpg,Caio
Japan_000270.jpg,Fernando
Japan_000281.jpg,Caio
Japan_000290.jpg,Caio
Japan_000291.jpg,Fernando
Japan_000295.jpg,Caio
Japan_000302.jpg,Caio
Japan_000310.jpg,Fernando
Japan_000316.jpg,Caio
Japan_000328.jpg,Caio
Japan_000329.jpg,Caio
Japan_000332.jpg,Fernando
Japan_000333.jpg,Caio
Japan_000335.jpg,Caio
Japan_000336.jpg,Caio
Japan_000341.jpg,Fernando
Japan_000348.jpg,Fernando
Japan_000355.jpg,Fernando
Japan_000357.jpg,Fernando
Japan_000362.jpg,Fernando
Japan_000363.jpg,Fernando
Japan_000364.jpg,Caio
Japan_000369.jpg,Caio
Japan_000383.jpg,Caio
Japan_000389.jpg,Caio
Japan_000413.jpg,Fernando
Japan_000423.jpg,Fernando
Japan_000425.jpg,Fernando
Japan_000446.jpg,Fernando
Japan_000449.jpg,Caio
Japan_000453.jpg,Fernando
Japan_000460.jpg,Fernando
Japan_000526.jpg,Fernando
Japan_000552.jpg,Fernando
Japan_000558.jpg,Caio
Japan_000566.jpg,Fernando
Japan_000574.jpg,Fernando
Japan_000577.jpg,Fernando
Japan_000578.jpg,Fernando
Japan_000598.jpg,Fernando
Japan_000603.jpg,Caio
Japan_000605.jpg,Fernando
Japan_000616.jpg,Caio
Japan_000623.jpg,Fernando
Japan_000639.jpg,Fernando
Japan_000644.jpg,Caio
Japan_000650.jpg,Fernando
Japan_000655.jpg,Caio
Japan_000662.jpg,Fernando
Japan_000666.jpg,Fernando
Japan_000667.jpg,Caio
Japan_000683.jpg,Fernando
Japan_000709.jpg,Fernando
Japan_000723.jpg,Caio
Japan_000727.jpg,Fernando
Japan_000736.jpg,Caio
Japan_000742.jpg,Fernando
Japan_000743.jpg,Fernando
Japan_000772.jpg,Fernando
Japan_000788.jpg,Caio
Japan_000790.jpg,Caio
Japan_000800.jpg,Caio
Japan_000802.jpg,Fernando
Japan_000809.jpg,Fernando
Japan_000825.jpg,Caio
Japan_000826.jpg,Fernando
Japan_000831.jpg,Caio
Japan_000836.jpg,Caio
Japan_000840.jpg,Fernando
Japan_000842.jpg,Caio
Japan_000851.jpg,Caio
Japan_000874.jpg,Fernando
Japan_000880.jpg,Caio
Japan_000881.jpg,Caio
Japan_000899.jpg,Caio
Japan_000902.jpg,Caio
Japan_000924.jpg,Caio
Japan_000934.jpg,Fernando
Japan_000948.jpg,Caio
Japan_000949.jpg,Fernando
Japan_000950.jpg,Fernando
Japan_000958.jpg,Caio
Japan_000987.jpg,Fernando
Japan_000994.jpg,Fernando
Japan_001009.jpg,Caio
Japan_001027.jpg,Fernando
Japan_001030.jpg,Caio
Japan_001036.jpg,Caio
Japan_001063.jpg,Caio
Japan_001077.jpg,Fernando
Japan_001087.jpg,Fernando
Japan_001098.jpg,Caio
Japan_001108.jpg,Fernando
Japan_001109.jpg,Fernando
Japan_001117.jpg,Fernando
Japan_001131.jpg,Caio
Japan_001150.jpg,Fernando
Japan_001154.jpg,Fernando
Japan_001166.jpg,Caio
Japan_001173.jpg,Caio
Japan_001175.jpg,Caio
Japan_001180.jpg,Caio
Japan_001191.jpg,Fernando
Japan_001208.jpg,Caio
Japan_001215.jpg,Caio
Japan_001216.jpg,Fernando
Japan_001228.jpg,Fernando
Japan_001241.jpg,Fernando
Japan_001246.jpg,Fernando
Japan_001247.jpg,Fernando
Japan_001252.jpg,Caio
Japan_001257.jpg,Fernando
Japan_001262.jpg,Caio
Japan_001273.jpg,Caio
Japan_001301.jpg,Caio
Japan_001303.jpg,Fernando
Japan_001308.jpg,Fernando
Japan_001319.jpg,Fernando
Japan_001321.jpg,Fernando
Japan_001327.jpg,Fernando
Japan_001338.jpg,Fernando
Japan_001351.jpg,Caio
Japan_001362.jpg,Fernando
Japan_001409.jpg,Caio
Japan_001420.jpg,Fernando
Japan_001435.jpg,Fernando
Japan_001441.jpg,Fernando
Japan_001469.jpg,Caio
Japan_001471.jpg,Fernando
Japan_001477.jpg,Caio
Japan_001489.jpg,Caio
Japan_001502.jpg,Caio
Japan_001503.jpg,Fernando
Japan_001524.jpg,Fernando
Japan_001526.jpg,Fernando
Japan_001537.jpg,Fernando
Japan_001541.jpg,Caio
Japan_001542.jpg,Caio
Japan_001546.jpg,Caio
Japan_001552.jpg,Caio
Japan_001563.jpg,Fernando
Japan_001566.jpg,Caio
Japan_001574.jpg,Fernando
Japan_001575.jpg,Caio
Japan_001589.jpg,Fernando
Japan_001611.jpg,Fernando
Japan_001613.jpg,Caio
Japan_001637.jpg,Fernando
Japan_001638.jpg,Fernando
Japan_001641.jpg,Fernando
Japan_001647.jpg,Caio
Japan_001649.jpg,Caio
Japan_001656.jpg,Caio
Japan_001660.jpg,Caio
Japan_001667.jpg,Caio
Japan_001668.jpg,Fernando
Japan_001678.jpg,Fernando
Japan_001680.jpg,Caio
Japan_001685.jpg,Fernando
Japan_001710.jpg,Caio
Japan_001724.jpg,Caio
Japan_001725.jpg,Fernando
Japan_001739.jpg,Fernando
Japan_001744.jpg,Caio
Japan_001749.jpg,Caio
Japan_001758.jpg,Caio
Japan_001765.jpg,Caio
Japan_001791.jpg,Caio
Japan_001793.jpg,Caio
Japan_001802.jpg,Fernando
Japan_001814.jpg,Caio
Japan_001853.jpg,Fernando
Japan_001859.jpg,Caio
Japan_001861.jpg,Caio
Japan_001867.jpg,Caio
Japan_001871.jpg,Fernando
Japan_001878.jpg,Caio
Japan_001888.jpg,Caio
Japan_001895.jpg,Caio
Japan_001898.jpg,Fernando
Japan_001909.jpg,Fernando
Japan_001910.jpg,Caio
Japan_001916.jpg,Caio
Japan_001919.jpg,Fernando
Japan_001920.jpg,Caio
Japan_001921.jpg,Fernando
Japan_001972.jpg,Caio
Japan_001984.jpg,Caio
Japan_002003.jpg,Caio
Japan_002030.jpg,Caio
Japan_002048.jpg,Fernando
Japan_002053.jpg,Caio
Japan_002056.jpg,Caio
Japan_002070.jpg,Caio
Japan_002074.jpg,Fernando
Japan_002088.jpg,Caio
Japan_002097.jpg,Caio
Japan_002120.jpg,Fernando
Japan_002121.jpg,Fernando
Japan_002122.jpg,Caio
Japan_002124.jpg,Fernando
Japan_002133.jpg,Caio
Japan_002152.jpg,Caio
Japan_002153.jpg,Fernando
Japan_002154.jpg,Fernando
Japan_002188.jpg,Caio
Japan_002208.jpg,Caio
Japan_002222.jpg,Fernando
Japan_002239.jpg,Fernando
Japan_002240.jpg,Fernando
Japan_002260.jpg,Caio
Japan_002263.jpg,Fernando
Japan_002276.jpg,Caio
Japan_002280.jpg,Fernando
Japan_002295.jpg,Caio
Japan_002301.jpg,Caio
Japan_002311.jpg,Fernando
Japan_002317.jpg,Caio
Japan_002319.jpg,Caio
Japan_002339.jpg,Fernando
Japan_002357.jpg,Fernando
Japan_002358.jpg,Fernando
Japan_002362.jpg,Fernando
Japan_002365.jpg,Caio
Japan_002372.jpg,Caio
Japan_002373.jpg,Caio
Japan_002377.jpg,Caio
Japan_002379.jpg,Caio
Japan_002393.jpg,Caio
Japan_002396.jpg,Caio
Japan_002416.jpg,Caio
Japan_002420.jpg,Caio
Japan_002438.jpg,Fernando
Japan_002446.jpg,Caio
Japan_002451.jpg,Fernando
Japan_002453.jpg,Caio
Japan_002473.jpg,Fernando
Japan_002496.jpg,Fernando
Japan_002498.jpg,Fernando
Japan_002510.jpg,Caio
Japan_002523.jpg,Caio
Japan_002527.jpg,Caio
Japan_002538.jpg,Caio
Japan_002546.jpg,Fernando
Japan_002554.jpg,Caio
Japan_002557.jpg,Caio
Japan_002562.jpg,Fernando
Japan_002579.jpg,Caio
Japan_002606.jpg,Fernando
Japan_002614.jpg,Fernando
Japan_002615.jpg,Fernando
Japan_002622.jpg,Fernando
Japan_002623.jpg,Fernando
Japan_002634.jpg,Caio
Japan_002636.jpg,Fernando
Japan_002641.jpg,Caio
Japan_002665.jpg,Caio
Japan_002688.jpg,Fernando
Japan_002689.jpg,Fernando
Japan_002690.jpg,Fernando
Japan_002705.jpg,Caio
Japan_002727.jpg,Caio
Japan_002746.jpg,Fernando
Japan_002772.jpg,Caio
Japan_002785.jpg,Fernando
Japan_002793.jpg,Caio
Japan_002795.jpg,Fernando
Japan_002816.jpg,Fernando
Japan_002827.jpg,Caio
Japan_002836.jpg,Caio
Japan_002867.jpg,Fernando
Japan_002871.jpg,Fernando
Japan_002873.jpg,Caio
Japan_002874.jpg,Caio
Japan_002884.jpg,Caio
Japan_002902.jpg,Fernando
Japan_002917.jpg,Caio
Japan_002943.jpg,Caio
Japan_002962.jpg,Fernando
Japan_002970.jpg,Fernando
Japan_002988.jpg,Caio
Japan_002995.jpg,Caio
Japan_002996.jpg,Caio
Japan_003004.jpg,Fernando
Japan_003038.jpg,Fernando
Japan_003042.jpg,Caio
Japan_003046.jpg,Fernando
Japan_003051.jpg,Fernando
Japan_003071.jpg,Fernando
Japan_003074.jpg,Fernando
Japan_003088.jpg,Caio
Japan_003093.jpg,Fernando
Japan_003115.jpg,Fernando
Japan_003122.jpg,Caio
Japan_003124.jpg,Fernando
Japan_003131.jpg,Caio
Japan_003144.jpg,Caio
Japan_003153.jpg,Fernando
Japan_003154.jpg,Fernando
Japan_003167.jpg,Fernando
Japan_003169.jpg,Caio
Japan_003180.jpg,Fernando
Japan_003185.jpg,Caio
Japan_003187.jpg,Caio
Japan_003199.jpg,Fernando
Japan_003207.jpg,Caio
Japan_003211.jpg,Caio
Japan_003221.jpg,Caio
Japan_003222.jpg,Fernando
Japan_003224.jpg,Caio
Japan_003255.jpg,Caio
Japan_003259.jpg,Caio
Japan_003303.jpg,Fernando
Japan_003325.jpg,Fernando
Japan_003333.jpg,Caio
Japan_003337.jpg,Caio
Japan_003342.jpg,Fernando
Japan_003346.jpg,Caio
Japan_003350.jpg,Fernando
Japan_003389.jpg,Caio
Japan_003398.jpg,Caio
Japan_003399.jpg,Fernando
Japan_003403.jpg,Caio
Japan_003431.jpg,Caio
Japan_003446.jpg,Caio
Japan_003451.jpg,Fernando
Japan_003462.jpg,Caio
Japan_003469.jpg,Caio
Japan_003470.jpg,Caio
Japan_003471.jpg,Caio
Japan_003472.jpg,Caio
Japan_003474.jpg,Caio
Japan_003478.jpg,Caio
Japan_003486.jpg,Caio
Japan_003490.jpg,Fernando
Japan_003513.jpg,Fernando
Japan_003520.jpg,Fernando
Japan_003523.jpg,Fernando
Japan_003548.jpg,Caio
Japan_003553.jpg,Fernando
Japan_003568.jpg,Caio
Japan_003570.jpg,Caio
Japan_003585.jpg,Fernando
Japan_003594.jpg,Fernando
Japan_003596.jpg,Caio
Japan_003605.jpg,Fernando
Japan_003610.jpg,Caio
Japan_003627.jpg,Caio
Japan_003646.jpg,Fernando
Japan_003649.jpg,Fernando
Japan_003662.jpg,Caio
Japan_003664.jpg,Fernando
Japan_003665.jpg,Fernando
Japan_003670.jpg,Caio
Japan_003682.jpg,Fernando
Japan_003684.jpg,Caio
Japan_003688.jpg,Fernando
Japan_003689.jpg,Fernando
Japan_003690.jpg,Fernando
Japan_003745.jpg,Caio
Japan_003753.jpg,Fernando
Japan_003758.jpg,Caio
Japan_003770.jpg,Fernando
Japan_003779.jpg,Caio
Japan_003796.jpg,Caio
Japan_003800.jpg,Fernando
Japan_003801.jpg,Caio
Japan_003803.jpg,Caio
Japan_003815.jpg,Caio
Japan_003844.jpg,Fernando
Japan_003850.jpg,Caio
Japan_003858.jpg,Fernando
Japan_003859.jpg,Caio
Japan_003865.jpg,Fernando
Japan_003866.jpg,Fernando
Japan_003878.jpg,Caio
Japan_003881.jpg,Fernando
Japan_003891.jpg,Fernando
Japan_003893.jpg,Caio
Japan_003903.jpg,Fernando
Japan_003911.jpg,Fernando
Japan_003912.jpg,Fernando
Japan_003917.jpg,Fernando
Japan_003933.jpg,Caio
Japan_003939.jpg,Caio
Japan_003956.jpg,Fernando
Japan_003973.jpg,Fernando
Japan_003975.jpg,Caio
Japan_003978.jpg,Fernando
Japan_003979.jpg,Fernando
Japan_003995.jpg,Caio
Japan_003998.jpg,Fernando
Japan_004007.jpg,Caio
Japan_004023.jpg,Caio
Japan_004026.jpg,Caio
Japan_004028.jpg,Fernando
Japan_004042.jpg,Caio
Japan_004056.jpg,Caio
Japan_004062.jpg,Fernando
Japan_004066.jpg,Caio
Japan_004075.jpg,Fernando
Japan_004077.jpg,Caio
Japan_004081.jpg,Caio
Japan_004090.jpg,Caio
Japan_004100.jpg,Fernando
Japan_004112.jpg,Caio
Japan_004121.jpg,Fernando
Japan_004129.jpg,Fernando
Japan_004136.jpg,Fernando
Japan_004143.jpg,Caio
Japan_004157.jpg,Fernando
Japan_004170.jpg,Fernando
Japan_004173.jpg,Caio
Japan_004175.jpg,Fernando
Japan_004179.jpg,Caio
Japan_004187.jpg,Caio
Japan_004195.jpg,Caio
Japan_004197.jpg,Fernando
Japan_004209.jpg,Caio
Japan_004217.jpg,Fernando
Japan_004218.jpg,Fernando
Japan_004234.jpg,Caio
Japan_004247.jpg,Fernando
Japan_004284.jpg,Caio
Japan_004289.jpg,Caio
Japan_004296.jpg,Fernando
Japan_004335.jpg,Caio
Japan_004337.jpg,Caio
Japan_004342.jpg,Fernando
Japan_004352.jpg,Fernando
Japan_004355.jpg,Fernando
Japan_004361.jpg,Fernando
Japan_004362.jpg,Caio
Japan_004378.jpg,Fernando
Japan_004392.jpg,Caio
Japan_004394.jpg,Fernando
Japan_004418.jpg,Fernando
Japan_004423.jpg,Fernando
Japan_004426.jpg,Caio
Japan_004440.jpg,Caio
Japan_004463.jpg,Fernando
Japan_004476.jpg,Fernando
Japan_004481.jpg,Caio
Japan_004482.jpg,Caio
Japan_004485.jpg,Caio
Japan_004514.jpg,Fernando
Japan_004535.jpg,Fernando
Japan_004537.jpg,Fernando
Japan_004563.jpg,Caio
Japan_004567.jpg,Fernando
Japan_004572.jpg,Fernando
Japan_004573.jpg,Fernando
Japan_004586.jpg,Fernando
Japan_004601.jpg,Caio
Japan_004604.jpg,Caio
Japan_004615.jpg,Fernando
Japan_004619.jpg,Caio
Japan_004623.jpg,Caio
Japan_004624.jpg,Caio
Japan_004631.jpg,Caio
Japan_004646.jpg,Fernando
Japan_004667.jpg,Caio
Japan_004676.jpg,Fernando
Japan_004689.jpg,Fernando
Japan_004704.jpg,Fernando
Japan_004714.jpg,Caio
Japan_004716.jpg,Fernando
Japan_004720.jpg,Fernando
Japan_004721.jpg,Fernando
Japan_004743.jpg,Caio
Japan_004759.jpg,Caio
Japan_004782.jpg,Fernando
Japan_004792.jpg,Caio
Japan_004794.jpg,Caio
Japan_004797.jpg,Caio
Japan_004815.jpg,Caio
Japan_004822.jpg,Caio
Japan_004835.jpg,Caio
Japan_004836.jpg,Caio
Japan_004847.jpg,Caio
Japan_004853.jpg,Caio
Japan_004864.jpg,Fernando
Japan_004882.jpg,Fernando
Japan_004885.jpg,Fernando
Japan_004889.jpg,Caio
Japan_004905.jpg,Caio
Japan_004908.jpg,Caio
Japan_004912.jpg,Fernando
Japan_004913.jpg,Fernando
Japan_004914.jpg,Fernando
Japan_004930.jpg,Caio
Japan_004958.jpg,Caio
Japan_004970.jpg,Fernando
Japan_004984.jpg,Fernando
Japan_004988.jpg,Caio
Japan_004994.jpg,Fernando
Japan_005011.jpg,Fernando
Japan_005013.jpg,Caio
Japan_005028.jpg,Fernando
Japan_005034.jpg,Fernando
Japan_005044.jpg,Caio
Japan_005047.jpg,Caio
Japan_005054.jpg,Fernando
Japan_005062.jpg,Caio
Japan_005071.jpg,Fernando
Japan_005088.jpg,Fernando
Japan_005099.jpg,Caio
Japan_005102.jpg,Caio
Japan_005106.jpg,Caio
Japan_005117.jpg,Caio
Japan_005121.jpg,Fernando
Japan_005130.jpg,Caio
Japan_005134.jpg,Caio
Japan_005137.jpg,Fernando
Japan_005164.jpg,Fernando
Japan_005188.jpg,Caio
Japan_005193.jpg,Fernando
Japan_005197.jpg,Fernando
Japan_005240.jpg,Caio
Japan_005241.jpg,Fernando
Japan_005259.jpg,Fernando
Japan_005260.jpg,Caio
Japan_005264.jpg,Fernando
Japan_005270.jpg,Caio
Japan_005289.jpg,Fernando
Japan_005304.jpg,Caio
Japan_005307.jpg,Fernando
Japan_005308.jpg,Fernando
Japan_005313.jpg,Caio
Japan_005320.jpg,Fernando
Japan_005327.jpg,Caio
Japan_005338.jpg,Fernando
Japan_005364.jpg,Fernando
Japan_005395.jpg,Fernando
Japan_005403.jpg,Fernando
Japan_005404.jpg,Fernando
Japan_005410.jpg,Caio
Japan_005414.jpg,Caio
Japan_005423.jpg,Caio
Japan_005438.jpg,Fernando
Japan_005451.jpg,Caio
Japan_005464.jpg,Caio
Japan_005500.jpg,Caio
Japan_005510.jpg,Fernando
Japan_005513.jpg,Caio
Japan_005515.jpg,Caio
Japan_005516.jpg,Fernando
Japan_005517.jpg,Caio
Japan_005519.jpg,Fernando
Japan_005529.jpg,Fernando
Japan_005534.jpg,Caio
Japan_005536.jpg,Caio
Japan_005541.jpg,Fernando
Japan_005544.jpg,Caio
Japan_005553.jpg,Caio
Japan_005559.jpg,Fernando
Japan_005566.jpg,Fernando
Japan_005577.jpg,Caio
Japan_005578.jpg,Fernando
Japan_005582.jpg,Caio
Japan_005583.jpg,Fernando
Japan_005586.jpg,Caio
Japan_005587.jpg,Caio
Japan_005599.jpg,Caio
Japan_005602.jpg,Fernando
Japan_005604.jpg,Caio
Japan_005622.jpg,Fernando
Japan_005625.jpg,Caio
Japan_005628.jpg,Caio
Japan_005649.jpg,Fernando
Japan_005653.jpg,Caio
Japan_005654.jpg,Fernando
Japan_005660.jpg,Caio
Japan_005661.jpg,Caio
Japan_005666.jpg,Caio
Japan_005669.jpg,Fernando
Japan_005683.jpg,Fernando
Japan_005687.jpg,Caio
Japan_005693.jpg,Caio
Japan_005696.jpg,Fernando
Japan_005706.jpg,Caio
Japan_005717.jpg,Fernando
Japan_005741.jpg,Caio
Japan_005762.jpg,Fernando
Japan_005763.jpg,Caio
Japan_005774.jpg,Fernando
Japan_005780.jpg,Caio
Japan_005804.jpg,Caio
Japan_005814.jpg,Caio
Japan_005815.jpg,Caio
Japan_005824.jpg,Caio
Japan_005828.jpg,Fernando
Japan_005838.jpg,Caio
Japan_005857.jpg,Caio
Japan_005869.jpg,Caio
Japan_005871.jpg,Caio
Japan_005876.jpg,Fernando
Japan_005887.jpg,Fernando
Japan_005906.jpg,Fernando
Japan_005911.jpg,Fernando
Japan_005936.jpg,Fernando
Japan_005944.jpg,Caio
Japan_005966.jpg,Caio
Japan_005967.jpg,Caio
Japan_005968.jpg,Fernando
Japan_005980.jpg,Fernando
Japan_005981.jpg,Caio
Japan_005982.jpg,Fernando
Japan_005987.jpg,Caio
Japan_005999.jpg,Caio
Japan_006011.jpg,Caio
Japan_006029.jpg,Fernando
Japan_006035.jpg,Caio
Japan_006052.jpg,Caio
Japan_006086.jpg,Fernando
Japan_006097.jpg,Caio
Japan_006103.jpg,Fernando
Japan_006104.jpg,Fernando
Japan_006133.jpg,Fernando
Japan_006169.jpg,Caio
Japan_006174.jpg,Caio
Japan_006175.jpg,Caio
Japan_006182.jpg,Fernando
Japan_006216.jpg,Fernando
Japan_006227.jpg,Fernando
Japan_006243.jpg,Caio
Japan_006260.jpg,Fernando
Japan_006262.jpg,Fernando
Japan_006272.jpg,Fernando
Japan_006285.jpg,Fernando
Japan_006287.jpg,Caio
Japan_006293.jpg,Caio
Japan_006300.jpg,Fernando
Japan_006318.jpg,Caio
Japan_006324.jpg,Caio
Japan_006331.jpg,Fernando
Japan_006332.jpg,Fernando
Japan_006345.jpg,Caio
Japan_006354.jpg,Caio
Japan_006377.jpg,Fernando
Japan_006381.jpg,Fernando
Japan_006384.jpg,Caio
Japan_006393.jpg,Caio
Japan_006405.jpg,Caio
Japan_006410.jpg,Fernando
Japan_006427.jpg,Caio
Japan_006437.jpg,Caio
Japan_006439.jpg,Fernando
Japan_006457.jpg,Caio
Japan_006466.jpg,Fernando
Japan_006468.jpg,Fernando
Japan_006478.jpg,Fernando
Japan_006488.jpg,Fernando
Japan_006494.jpg,Fernando
Japan_006506.jpg,Fernando
Japan_006509.jpg,Fernando
Japan_006541.jpg,Fernando
Japan_006544.jpg,Caio
Japan_006545.jpg,Fernando
Japan_006555.jpg,Caio
Japan_006560.jpg,Caio
Japan_006567.jpg,Fernando
Japan_006610.jpg,Fernando
Japan_006616.jpg,Fernando
Japan_006628.jpg,Caio
Japan_006632.jpg,Fernando
Japan_006638.jpg,Caio
Japan_006675.jpg,Caio
Japan_006678.jpg,Caio
Japan_006689.jpg,Caio
Japan_006699.jpg,Fernando
Japan_006700.jpg,Fernando
Japan_006704.jpg,Caio
Japan_006713.jpg,Fernando
Japan_006717.jpg,Fernando
Japan_006731.jpg,Caio
Japan_006732.jpg,Caio
Japan_006737.jpg,Fernando
Japan_006749.jpg,Caio
Japan_006754.jpg,Fernando
Japan_006755.jpg,Fernando
Japan_006784.jpg,Fernando
Japan_006800.jpg,Fernando
Japan_006815.jpg,Fernando
Japan_006816.jpg,Caio
Japan_006823.jpg,Fernando
Japan_006824.jpg,Fernando
Japan_006825.jpg,Caio
Japan_006827.jpg,Fernando
Japan_006861.jpg,Fernando
Japan_006868.jpg,Fernando
Japan_006886.jpg,Fernando
Japan_006891.jpg,Fernando
Japan_006904.jpg,Fernando
Japan_006946.jpg,Fernando
Japan_006954.jpg,Caio
Japan_006959.jpg,Fernando
Japan_006967.jpg,Fernando
Japan_006968.jpg,Caio
Japan_006976.jpg,Caio
Japan_006996.jpg,Caio
Japan_007003.jpg,Caio
Japan_007006.jpg,Caio
Japan_007014.jpg,Caio
Japan_007052.jpg,Caio
Japan_007059.jpg,Caio
Japan_007061.jpg,Caio
Japan_007062.jpg,Fernando
Japan_007080.jpg,Fernando
Japan_007090.jpg,Caio
Japan_007096.jpg,Fernando
Japan_007114.jpg,Fernando
Japan_007121.jpg,Caio
Japan_007129.jpg,Fernando
Japan_007142.jpg,Caio
Japan_007148.jpg,Fernando
Japan_007160.jpg,Fernando
Japan_007162.jpg,Fernando
Japan_007173.jpg,Caio
Japan_007196.jpg,Caio
Japan_007209.jpg,Caio
Japan_007213.jpg,Caio
Japan_007232.jpg,Caio
Japan_007233.jpg,Fernando
Japan_007237.jpg,Fernando
Japan_007250.jpg,Fernando
Japan_007263.jpg,Fernando
Japan_007272.jpg,Fernando
Japan_007279.jpg,Fernando
Japan_007280.jpg,Fernando
Japan_007297.jpg,Fernando
Japan_007298.jpg,Fernando
Japan_007307.jpg,Fernando
Japan_007308.jpg,Caio
Japan_007324.jpg,Caio
Japan_007331.jpg,Fernando
Japan_007338.jpg,Fernando
Japan_007340.jpg,Caio
Japan_007345.jpg,Fernando
Japan_007351.jpg,Caio
Japan_007356.jpg,Fernando
Japan_007357.jpg,Fernando
Japan_007364.jpg,Fernando
Japan_007371.jpg,Caio
Japan_007374.jpg,Caio
Japan_007378.jpg,Caio
Japan_007381.jpg,Caio
Japan_007391.jpg,Fernando
Japan_007409.jpg,Caio
Japan_007422.jpg,Caio
Japan_007436.jpg,Fernando
Japan_007445.jpg,Caio
Japan_007448.jpg,Caio
Japan_007455.jpg,Fernando
Japan_007462.jpg,Fernando
Japan_007471.jpg,Fernando
Japan_007473.jpg,Caio
Japan_007486.jpg,Caio
Japan_007492.jpg,Caio
Japan_007503.jpg,Fernando
Japan_007504.jpg,Caio
Japan_007506.jpg,Caio
Japan_007516.jpg,Fernando
Japan_007540.jpg,Caio
Japan_007550.jpg,Caio
Japan_007552.jpg,Fernando
Japan_007557.jpg,Caio
Japan_007563.jpg,Caio
Japan_007579.jpg,Fernando
Japan_007600.jpg,Caio
Japan_007604.jpg,Caio
Japan_007607.jpg,Caio
Japan_007610.jpg,Fernando
Japan_007611.jpg,Caio
Japan_007614.jpg,Fernando
Japan_007629.jpg,Fernando
Japan_007633.jpg,Fernando
Japan_007634.jpg,Fernando
Japan_007635.jpg,Caio
Japan_007637.jpg,Fernando
Japan_007648.jpg,Caio
Japan_007655.jpg,Fernando
Japan_007658.jpg,Fernando
Japan_007665.jpg,Caio
Japan_007679.jpg,Caio
Japan_007680.jpg,Caio
Japan_007683.jpg,Caio
Japan_007699.jpg,Fernando
Japan_007714.jpg,Fernando
Japan_007724.jpg,Caio
Japan_007745.jpg,Fernando
Japan_007749.jpg,Fernando
Japan_007750.jpg,Caio
Japan_007758.jpg,Fernando
Japan_007760.jpg,Caio
Japan_007779.jpg,Fernando
Japan_007781.jpg,Caio
Japan_007787.jpg,Fernando
Japan_007796.jpg,Caio
Japan_007820.jpg,Caio
Japan_007821.jpg,Fernando
Japan_007829.jpg,Fernando
Japan_007839.jpg,Caio
Japan_007841.jpg,Caio
Japan_007844.jpg,Fernando
Japan_007852.jpg,Fernando
Japan_007857.jpg,Fernando
Japan_007868.jpg,Caio
Japan_007873.jpg,Fernando
Japan_007878.jpg,Fernando
Japan_007879.jpg,Fernando
Japan_007882.jpg,Fernando
Japan_007899.jpg,Caio
Japan_007900.jpg,Caio
Japan_007903.jpg,Caio
Japan_007905.jpg,Fernando
Japan_007917.jpg,Fernando
Japan_007922.jpg,Fernando
Japan_007926.jpg,Caio
Japan_007937.jpg,Fernando
Japan_007942.jpg,Fernando
Japan_007959.jpg,Fernando
Japan_007960.jpg,Fernando
Japan_007971.jpg,Fernando
Japan_007992.jpg,Caio
Japan_007994.jpg,Caio
Japan_008001.jpg,Fernando
Japan_008026.jpg,Fernando
Japan_008031.jpg,Caio
Japan_008034.jpg,Caio
Japan_008050.jpg,Caio
Japan_008052.jpg,Caio
Japan_008079.jpg,Caio
Japan_008087.jpg,Fernando
Japan_008092.jpg,Caio
Japan_008093.jpg,Fernando
Japan_008128.jpg,Fernando
Japan_008143.jpg,Caio
Japan_008144.jpg,Fernando
Japan_008145.jpg,Fernando
Japan_008149.jpg,Caio
Japan_008155.jpg,Fernando
Japan_008156.jpg,Caio
Japan_008159.jpg,Fernando
Japan_008168.jpg,Fernando
Japan_008196.jpg,Fernando
Japan_008198.jpg,Fernando
Japan_008204.jpg,Caio
Japan_008220.jpg,Fernando
Japan_008224.jpg,Fernando
Japan_008228.jpg,Fernando
Japan_008229.jpg,Fernando
Japan_008242.jpg,Fernando
Japan_008280.jpg,Fernando
Japan_008287.jpg,Caio
Japan_008298.jpg,Caio
Japan_008301.jpg,Fernando
Japan_008303.jpg,Caio
Japan_008310.jpg,Caio
Japan_008313.jpg,Caio
Japan_008372.jpg,Fernando
Japan_008376.jpg,Caio
Japan_008383.jpg,Caio
Japan_008404.jpg,Fernando
Japan_008410.jpg,Caio
Japan_008425.jpg,Fernando
Japan_008433.jpg,Fernando
Japan_008439.jpg,Fernando
Japan_008463.jpg,Fernando
Japan_008471.jpg,Caio
Japan_008495.jpg,Fernando
Japan_008514.jpg,Caio
Japan_008520.jpg,Fernando
Japan_008525.jpg,Fernando
Japan_008546.jpg,Caio
Japan_008549.jpg,Fernando
Japan_008559.jpg,Fernando
Japan_008586.jpg,Fernando
Japan_008593.jpg,Fernando
Japan_008599.jpg,Caio
Japan_008614.jpg,Caio
Japan_008623.jpg,Fernando
Japan_008630.jpg,Caio
Japan_008639.jpg,Caio
Japan_008640.jpg,Caio
Japan_008643.jpg,Fernando
Japan_008645.jpg,Caio
Japan_008649.jpg,Fernando
Japan_008690.jpg,Fernando
Japan_008698.jpg,Fernando
Japan_008712.jpg,Caio
Japan_008714.jpg,Caio
Japan_008721.jpg,Fernando
Japan_008722.jpg,Caio
Japan_008734.jpg,Fernando
Japan_008752.jpg,Fernando
Japan_008766.jpg,Fernando
Japan_008779.jpg,Fernando
Japan_008804.jpg,Caio
Japan_008813.jpg,Fernando
Japan_008816.jpg,Caio
Japan_008830.jpg,Fernando
Japan_008843.jpg,Fernando
Japan_008852.jpg,Fernando
Japan_008874.jpg,Caio
Japan_008900.jpg,Caio
Japan_008908.jpg,Fernando
Japan_008921.jpg,Caio
Japan_008925.jpg,Caio
Japan_008935.jpg,Caio
Japan_008944.jpg,Fernando
Japan_008946.jpg,Caio
Japan_008951.jpg,Fernando
Japan_008954.jpg,Fernando
Japan_008959.jpg,Caio
Japan_008968.jpg,Caio
Japan_008988.jpg,Caio
Japan_008990.jpg,Fernando
Japan_008996.jpg,Caio
Japan_009033.jpg,Fernando
Japan_009049.jpg,Caio
Japan_009054.jpg,Caio
Japan_009072.jpg,Caio
Japan_009085.jpg,Fernando
Japan_009092.jpg,Fernando
Japan_009094.jpg,Caio
Japan_009129.jpg,Fernando
Japan_009131.jpg,Caio
Japan_009139.jpg,Fernando
Japan_009143.jpg,Fernando
Japan_009147.jpg,Caio
Japan_009160.jpg,Fernando
Japan_009174.jpg,Caio
Japan_009176.jpg,Fernando
Japan_009179.jpg,Fernando
Japan_009181.jpg,Caio
Japan_009184.jpg,Caio
Japan_009195.jpg,Caio
Japan_009196.jpg,Fernando
Japan_009199.jpg,Caio
Japan_009206.jpg,Fernando
Japan_009207.jpg,Caio
Japan_009208.jpg,Fernando
Japan_009211.jpg,Caio
Japan_009212.jpg,Caio
Japan_009215.jpg,Fernando
Japan_009219.jpg,Fernando
Japan_009237.jpg,Fernando
Japan_009252.jpg,Caio
Japan_009257.jpg,Caio
Japan_009262.jpg,Fernando
Japan_009263.jpg,Fernando
Japan_009279.jpg,Fernando
Japan_009288.jpg,Fernando
Japan_009293.jpg,Caio
Japan_009305.jpg,Caio
Japan_009306.jpg,Fernando
Japan_009318.jpg,Fernando
Japan_009321.jpg,Caio
Japan_009326.jpg,Fernando
Japan_009333.jpg,Caio
Japan_009339.jpg,Caio
Japan_009345.jpg,Fernando
Japan_009358.jpg,Fernando
Japan_009363.jpg,Caio
Japan_009389.jpg,Caio
Japan_009409.jpg,Fernando
Japan_009413.jpg,Caio
Japan_009427.jpg,Fernando
Japan_009444.jpg,Fernando
Japan_009454.jpg,Caio
Japan_009461.jpg,Caio
Japan_009479.jpg,Caio
Japan_009481.jpg,Caio
Japan_009484.jpg,Fernando
Japan_009490.jpg,Caio
Japan_009492.jpg,Caio
Japan_009494.jpg,Caio
Japan_009502.jpg,Fernando
Japan_009506.jpg,Caio
Japan_009507.jpg,Caio
Japan_009509.jpg,Caio
Japan_009520.jpg,Caio
Japan_009521.jpg,Fernando
Japan_009535.jpg,Fernando
Japan_009544.jpg,Fernando
Japan_009546.jpg,Caio
Japan_009559.jpg,Caio
Japan_009565.jpg,Caio
Japan_009567.jpg,Caio
Japan_009586.jpg,Fernando
Japan_009630.jpg,Fernando
Japan_009637.jpg,Caio
Japan_009644.jpg,Caio
Japan_009662.jpg,Fernando
Japan_009663.jpg,Fernando
Japan_009668.jpg,Fernando
Japan_009669.jpg,Caio
Japan_009672.jpg,Caio
Japan_009681.jpg,Caio
Japan_009684.jpg,Caio
Japan_009697.jpg,Fernando
Japan_009698.jpg,Caio
Japan_009706.jpg,Caio
Japan_009719.jpg,Fernando
Japan_009730.jpg,Caio
Japan_009733.jpg,Caio
Japan_009737.jpg,Fernando
Japan_009765.jpg,Caio
Japan_009776.jpg,Caio
Japan_009784.jpg,Fernando
Japan_009789.jpg,Caio
Japan_009810.jpg,Caio
Japan_009832.jpg,Fernando
Japan_009862.jpg,Fernando
Japan_009866.jpg,Fernando
Japan_009882.jpg,Caio
Japan_009909.jpg,Fernando
Japan_009915.jpg,Fernando
Japan_009928.jpg,Caio
Japan_009929.jpg,Caio
Japan_009935.jpg,Caio
Japan_009948.jpg,Caio
Japan_009954.jpg,Caio
Japan_009956.jpg,Caio
Japan_009960.jpg,Fernando
Japan_009961.jpg,Fernando
Japan_009977.jpg,Caio
Japan_009997.jpg,Caio
Japan_010001.jpg,Fernando
Japan_010005.jpg,Fernando
Japan_010032.jpg,Fernando
Japan_010052.jpg,Fernando
Japan_010054.jpg,Caio
Japan_010063.jpg,Caio
Japan_010069.jpg,Fernando
Japan_010122.jpg,Fernando
Japan_010162.jpg,Fernando
Japan_010181.jpg,Caio
Japan_010190.jpg,Caio
Japan_010191.jpg,Fernando
Japan_010200.jpg,Fernando
Japan_010219.jpg,Fernando
Japan_010222.jpg,Caio
Japan_010231.jpg,Fernando
Japan_010245.jpg,Caio
Japan_010251.jpg,Caio
Japan_010253.jpg,Caio
Japan_010287.jpg,Caio
Japan_010288.jpg,Caio
Japan_010290.jpg,Caio
Japan_010295.jpg,Fernando
Japan_010307.jpg,Caio
Japan_010319.jpg,Fernando
Japan_010336.jpg,Fernando
Japan_010350.jpg,Caio
Japan_010375.jpg,Caio
Japan_010376.jpg,Caio
Japan_010388.jpg,Fernando
Japan_010391.jpg,Fernando
Japan_010395.jpg,Fernando
Japan_010402.jpg,Fernando
Japan_010403.jpg,Fernando
Japan_010420.jpg,Fernando
Japan_010422.jpg,Fernando
Japan_010427.jpg,Caio
Japan_010464.jpg,Fernando
Japan_010472.jpg,Caio
Japan_010505.jpg,Caio
Japan_010507.jpg,Caio
Japan_010510.jpg,Fernando
Japan_010528.jpg,Fernando
Japan_010532.jpg,Caio
Japan_010533.jpg,Fernando
Japan_010546.jpg,Fernando
Japan_010548.jpg,Fernando
Japan_010552.jpg,Fernando
Japan_010553.jpg,Caio
Japan_010561.jpg,Caio
Japan_010562.jpg,Caio
Japan_010569.jpg,Caio
Japan_010570.jpg,Fernando
Japan_010571.jpg,Fernando
Japan_010578.jpg,Fernando
Japan_010595.jpg,Fernando
Japan_010607.jpg,Caio
Japan_010611.jpg,Caio
Japan_010632.jpg,Fernando
Japan_010636.jpg,Fernando
Japan_010686.jpg,Caio
Japan_010695.jpg,Caio
Japan_010699.jpg,Fernando
Japan_010705.jpg,Caio
Japan_010714.jpg,Caio
Japan_010739.jpg,Caio
Japan_010740.jpg,Fernando
Japan_010753.jpg,Caio
Japan_010758.jpg,Caio
Japan_010762.jpg,Fernando
Japan_010764.jpg,Caio
Japan_010765.jpg,Fernando
Japan_010766.jpg,Fernando
Japan_010769.jpg,Caio
Japan_010775.jpg,Fernando
Japan_010779.jpg,Caio
Japan_010806.jpg,Caio
Japan_010815.jpg,Fernando
Japan_010826.jpg,Caio
Japan_010834.jpg,Fernando
Japan_010839.jpg,Caio
Japan_010843.jpg,Fernando
Japan_010845.jpg,Caio
Japan_010851.jpg,Fernando
Japan_010855.jpg,Caio
Japan_010862.jpg,Fernando
Japan_010872.jpg,Fernando
Japan_010884.jpg,Fernando
Japan_010895.jpg,Caio
Japan_010897.jpg,Fernando
Japan_010906.jpg,Caio
Japan_010919.jpg,Fernando
Japan_010932.jpg,Fernando
Japan_010933.jpg,Fernando
Japan_010940.jpg,Caio
Japan_010944.jpg,Fernando
Japan_010945.jpg,Fernando
Japan_010949.jpg,Fernando
Japan_010963.jpg,Caio
Japan_010965.jpg,Caio
Japan_010983.jpg,Caio
Japan_011024.jpg,Caio
Japan_011036.jpg,Caio
Japan_011054.jpg,Caio
Japan_011055.jpg,Fernando
Japan_011058.jpg,Caio
Japan_011060.jpg,Fernando
Japan_011063.jpg,Fernando
Japan_011065.jpg,Fernando
Japan_011067.jpg,Fernando
Japan_011072.jpg,Fernando
Japan_011077.jpg,Caio
Japan_011081.jpg,Caio
Japan_011086.jpg,Caio
Japan_011088.jpg,Caio
Japan_011102.jpg,Fernando
Japan_011103.jpg,Caio
Japan_011106.jpg,Fernando
Japan_011110.jpg,Caio
Japan_011117.jpg,Fernando
Japan_011124.jpg,Caio
Japan_011135.jpg,Caio
Japan_011136.jpg,Fernando
Japan_011138.jpg,Fernando
Japan_011141.jpg,Caio
Japan_011164.jpg,Fernando
Japan_011169.jpg,Caio
Japan_011173.jpg,Caio
Japan_011202.jpg,Caio
Japan_011207.jpg,Fernando
Japan_011209.jpg,Fernando
Japan_011213.jpg,Caio
Japan_011226.jpg,Fernando
Japan_011246.jpg,Fernando
Japan_011248.jpg,Fernando
Japan_011256.jpg,Fernando
Japan_011263.jpg,Caio
Japan_011278.jpg,Fernando
Japan_011279.jpg,Caio
Japan_011283.jpg,Fernando
Japan_011288.jpg,Caio
Japan_011311.jpg,Fernando
Japan_011312.jpg,Fernando
Japan_011328.jpg,Caio
Japan_011338.jpg,Fernando
Japan_011346.jpg,Fernando
Japan_011353.jpg,Fernando
Japan_011374.jpg,Fernando
Japan_011384.jpg,Caio
Japan_011390.jpg,Caio
Japan_011392.jpg,Fernando
Japan_011417.jpg,Fernando
Japan_011419.jpg,Caio
Japan_011427.jpg,Fernando
Japan_011435.jpg,Caio
Japan_011446.jpg,Fernando
Japan_011449.jpg,Caio
Japan_011470.jpg,Fernando
Japan_011479.jpg,Caio
Japan_011494.jpg,Caio
Japan_011515.jpg,Fernando
Japan_011519.jpg,Fernando
Japan_011521.jpg,Fernando
Japan_011542.jpg,Caio
Japan_011544.jpg,Fernando
Japan_011553.jpg,Fernando
Japan_011559.jpg,Caio
Japan_011586.jpg,Fernando
Japan_011590.jpg,Caio
Japan_011598.jpg,Caio
Japan_011610.jpg,Caio
Japan_011612.jpg,Caio
Japan_011623.jpg,Fernando
Japan_011627.jpg,Fernando
Japan_011628.jpg,Fernando
Japan_011631.jpg,Caio
Japan_011650.jpg,Fernando
Japan_011653.jpg,Caio
Japan_011658.jpg,Caio
Japan_011661.jpg,Caio
Japan_011700.jpg,Fernando
Japan_011709.jpg,Caio
Japan_011728.jpg,Fernando
Japan_011735.jpg,Caio
Japan_011739.jpg,Caio
Japan_011742.jpg,Fernando
Japan_011745.jpg,Fernando
Japan_011767.jpg,Fernando
Japan_011784.jpg,Fernando
Japan_011814.jpg,Caio
Japan_011831.jpg,Fernando
Japan_011842.jpg,Fernando
Japan_011854.jpg,Fernando
Japan_011859.jpg,Caio
Japan_011874.jpg,Caio
Japan_011875.jpg,Fernando
Japan_011881.jpg,Caio
Japan_011895.jpg,Caio
Japan_011903.jpg,Caio
Japan_011909.jpg,Caio
Japan_011924.jpg,Caio
Japan_011925.jpg,Caio
Japan_011931.jpg,Fernando
Japan_011944.jpg,Caio
Japan_011955.jpg,Fernando
Japan_011959.jpg,Caio
Japan_011965.jpg,Caio
Japan_011973.jpg,Caio
Japan_011982.jpg,Caio
Japan_012015.jpg,Caio
Japan_012019.jpg,Fernando
Japan_012025.jpg,Fernando
Japan_012032.jpg,Caio
Japan_012051.jpg,Fernando
Japan_012062.jpg,Fernando
Japan_012096.jpg,Caio
Japan_012101.jpg,Fernando
Japan_012108.jpg,Caio
Japan_012120.jpg,Fernando
Japan_012131.jpg,Fernando
Japan_012133.jpg,Fernando
Japan_012158.jpg,Fernando
Japan_012167.jpg,Fernando
Japan_012170.jpg,Fernando
Japan_012180.jpg,Caio
Japan_012191.jpg,Caio
Japan_012215.jpg,Fernando
Japan_012226.jpg,Fernando
Japan_012229.jpg,Fernando
Japan_012230.jpg,Caio
Japan_012240.jpg,Caio
Japan_012259.jpg,Caio
Japan_012260.jpg,Fernando
Japan_012276.jpg,Fernando
Japan_012280.jpg,Caio
Japan_012290.jpg,Caio
Japan_012295.jpg,Fernando
Japan_012299.jpg,Caio
Japan_012309.jpg,Caio
Japan_012322.jpg,Caio
Japan_012339.jpg,Fernando
Japan_012341.jpg,Fernando
Japan_012344.jpg,Fernando
Japan_012353.jpg,Caio
Japan_012365.jpg,Fernando
Japan_012374.jpg,Caio
Japan_012381.jpg,Fernando
Japan_012390.jpg,Caio
Japan_012396.jpg,Caio
Japan_012399.jpg,Caio
Japan_012404.jpg,Caio
Japan_012429.jpg,Caio
Japan_012430.jpg,Fernando
Japan_012438.jpg,Fernando
Japan_012443.jpg,Caio
Japan_012446.jpg,Fernando
Japan_012452.jpg,Caio
Japan_012465.jpg,Fernando
Japan_012482.jpg,Fernando
Japan_012495.jpg,Caio
Japan_012505.jpg,Fernando
Japan_012512.jpg,Fernando
Japan_012517.jpg,Caio
Japan_012521.jpg,Fernando
Japan_012539.jpg,Caio
Japan_012543.jpg,Caio
Japan_012546.jpg,Caio
Japan_012549.jpg,Fernando
Japan_012556.jpg,Fernando
Japan_012573.jpg,Caio
Japan_012574.jpg,Caio
Japan_012576.jpg,Fernando
Japan_012578.jpg,Caio
Japan_012583.jpg,Caio
Japan_012590.jpg,Caio
Japan_012598.jpg,Caio
Japan_012607.jpg,Fernando
Japan_012615.jpg,Caio
Japan_012625.jpg,Caio
Japan_012633.jpg,Fernando
Japan_012635.jpg,Caio
Japan_012637.jpg,Caio
Japan_012639.jpg,Fernando
Japan_012660.jpg,Caio
Japan_012691.jpg,Caio
Japan_012704.jpg,Caio
Japan_012724.jpg,Fernando
Japan_012734.jpg,Caio
Japan_012739.jpg,Caio
Japan_012740.jpg,Caio
Japan_012742.jpg,Caio
Japan_012744.jpg,Caio
Japan_012747.jpg,Caio
Japan_012754.jpg,Caio
Japan_012763.jpg,Fernando
Japan_012768.jpg,Fernando
Japan_012784.jpg,Caio
Japan_012785.jpg,Caio
Japan_012789.jpg,Fernando
Japan_012791.jpg,Caio
Japan_012795.jpg,Fernando
Japan_012796.jpg,Fernando
Japan_012801.jpg,Caio
Japan_012829.jpg,Fernando
Japan_012839.jpg,Caio
Japan_012845.jpg,Fernando
Japan_012848.jpg,Fernando
Japan_012852.jpg,Caio
Japan_012888.jpg,Caio
Japan_012899.jpg,Fernando
Japan_012915.jpg,Caio
Japan_012926.jpg,Caio
Japan_012931.jpg,Caio
Japan_012937.jpg,Caio
Japan_012943.jpg,Fernando
Japan_012953.jpg,Fernando
Japan_012964.jpg,Caio
Japan_012975.jpg,Caio
Japan_012987.jpg,Caio
Japan_012988.jpg,Caio
Japan_012991.jpg,Fernando
Japan_012996.jpg,Fernando
Japan_013003.jpg,Caio
Japan_013008.jpg,Caio
Japan_013026.jpg,Fernando
Japan_013029.jpg,Fernando
Japan_013030.jpg,Caio
Japan_013032.jpg,Caio
Japan_013043.jpg,Fernando
Japan_013062.jpg,Fernando
Japan_013063.jpg,Caio
Japan_013069.jpg,Fernando
Japan_013073.jpg,Caio
Japan_013099.jpg,Fernando
Japan_013105.jpg,Fernando
Japan_013109.jpg,Fernando
Japan_013112.jpg,Fernando
Japan_013116.jpg,Fernando
Japan_013123.jpg,Caio
Norway_000005.jpg,Fernando
Norway_000008.jpg,Caio
Norway_000009.jpg,Caio
Norway_000010.jpg,Caio
Norway_000027.jpg,Caio
Norway_000075.jpg,Caio
Norway_000100.jpg,Caio
Norway_000130.jpg,Fernando
Norway_000145.jpg,Caio
Norway_000153.jpg,Caio
Norway_000189.jpg,Caio
Norway_000323.jpg,Caio
Norway_000347.jpg,Fernando
Norway_000369.jpg,Fernando
Norway_000394.jpg,Fernando
Norway_000401.jpg,Fernando
Norway_000412.jpg,Caio
Norway_000440.jpg,Fernando
Norway_000445.jpg,Caio
Norway_000467.jpg,Caio
Norway_000550.jpg,Caio
Norway_000606.jpg,Caio
Norway_000633.jpg,Caio
Norway_000654.jpg,Fernando
Norway_000678.jpg,Fernando
Norway_000683.jpg,Caio
Norway_000702.jpg,Caio
Norway_000703.jpg,Caio
Norway_000720.jpg,Fernando
Norway_000778.jpg,Caio
Norway_000823.jpg,Caio
Norway_000833.jpg,Fernando
Norway_000865.jpg,Caio
Norway_000903.jpg,Caio
Norway_000922.jpg,Caio
Norway_000952.jpg,Caio
Norway_000967.jpg,Fernando
Norway_000986.jpg,Fernando
Norway_000994.jpg,Fernando
Norway_001031.jpg,Caio
Norway_001060.jpg,Fernando
Norway_001078.jpg,Fernando
Norway_001227.jpg,Fernando
Norway_001255.jpg,Caio
Norway_001264.jpg,Caio
Norway_001279.jpg,Caio
Norway_001299.jpg,Fernando
Norway_001405.jpg,Fernando
Norway_001429.jpg,Caio
Norway_001437.jpg,Caio
Norway_001481.jpg,Fernando
Norway_001488.jpg,Caio
Norway_001504.jpg,Fernando
Norway_001507.jpg,Caio
Norway_001517.jpg,Fernando
Norway_001540.jpg,Caio
Norway_001551.jpg,Caio
Norway_001560.jpg,Caio
Norway_001583.jpg,Fernando
Norway_001666.jpg,Caio
Norway_001668.jpg,Caio
Norway_001715.jpg,Fernando
Norway_001716.jpg,Caio
Norway_001720.jpg,Caio
Norway_001729.jpg,Fernando
Norway_001765.jpg,Fernando
Norway_001770.jpg,Fernando
Norway_001778.jpg,Caio
Norway_001825.jpg,Fernando
Norway_001827.jpg,Caio
Norway_001857.jpg,Caio
Norway_001877.jpg,Caio
Norway_001892.jpg,Fernando
Norway_001932.jpg,Caio
Norway_002061.jpg,Fernando
Norway_002069.jpg,Caio
Norway_002146.jpg,Caio
Norway_002299.jpg,Caio
Norway_002333.jpg,Fernando
Norway_002367.jpg,Caio
Norway_002453.jpg,Fernando
Norway_002456.jpg,Caio
Norway_002530.jpg,Caio
Norway_002592.jpg,Caio
Norway_002631.jpg,Fernando
Norway_002671.jpg,Fernando
Norway_002706.jpg,Fernando
Norway_002721.jpg,Fernando
Norway_002751.jpg,Caio
Norway_002752.jpg,Caio
Norway_002796.jpg,Caio
Norway_002826.jpg,Fernando
Norway_002895.jpg,Caio
Norway_002913.jpg,Caio
Norway_002918.jpg,Caio
Norway_002946.jpg,Caio
Norway_003032.jpg,Fernando
Norway_003079.jpg,Caio
Norway_003102.jpg,Caio
Norway_003134.jpg,Caio
Norway_003140.jpg,Fernando
Norway_003220.jpg,Caio
Norway_003231.jpg,Fernando
Norway_003232.jpg,Fernando
Norway_003267.jpg,Caio
Norway_003273.jpg,Fernando
Norway_003302.jpg,Caio
Norway_003362.jpg,Fernando
Norway_003363.jpg,Fernando
Norway_003399.jpg,Fernando
Norway_003423.jpg,Caio
Norway_003438.jpg,Fernando
Norway_003448.jpg,Fernando
Norway_003452.jpg,Caio
Norway_003467.jpg,Caio
Norway_003504.jpg,Caio
Norway_003542.jpg,Caio
Norway_003567.jpg,Caio
Norway_003601.jpg,Fernando
Norway_003637.jpg,Caio
Norway_003641.jpg,Fernando
Norway_003686.jpg,Caio
Norway_003741.jpg,Fernando
Norway_003780.jpg,Fernando
Norway_003810.jpg,Caio
Norway_003859.jpg,Caio
Norway_003864.jpg,Caio
Norway_003939.jpg,Fernando
Norway_003956.jpg,Fernando
Norway_004013.jpg,Caio
Norway_004040.jpg,Fernando
Norway_004101.jpg,Fernando
Norway_004123.jpg,Caio
Norway_004153.jpg,Caio
Norway_004228.jpg,Fernando
Norway_004236.jpg,Caio
Norway_004333.jpg,Caio
Norway_004348.jpg,Fernando
Norway_004368.jpg,Fernando
Norway_004413.jpg,Fernando
Norway_004456.jpg,Caio
Norway_004514.jpg,Caio
Norway_004522.jpg,Fernando
Norway_004552.jpg,Caio
Norway_004566.jpg,Fernando
Norway_004619.jpg,Caio
Norway_004814.jpg,Fernando
Norway_004847.jpg,Caio
Norway_004859.jpg,Caio
Norway_004884.jpg,Fernando
Norway_004891.jpg,Fernando
Norway_004892.jpg,Caio
Norway_004896.jpg,Caio
Norway_004912.jpg,Caio
Norway_004938.jpg,Fernando
Norway_004947.jpg,Fernando
Norway_005041.jpg,Fernando
Norway_005104.jpg,Caio
Norway_005131.jpg,Caio
Norway_005195.jpg,Fernando
Norway_005238.jpg,Caio
Norway_005240.jpg,Caio
Norway_005242.jpg,Caio
Norway_005253.jpg,Fernando
Norway_005322.jpg,Caio
Norway_005344.jpg,Fernando
Norway_005345.jpg,Caio
Norway_005395.jpg,Caio
Norway_005431.jpg,Caio
Norway_005441.jpg,Caio
Norway_005450.jpg,Fernando
Norway_005470.jpg,Fernando
Norway_005553.jpg,Fernando
Norway_005587.jpg,Caio
Norway_005618.jpg,Fernando
Norway_005628.jpg,Fernando
Norway_005660.jpg,Fernando
Norway_005693.jpg,Caio
Norway_005695.jpg,Fernando
Norway_005708.jpg,Fernando
Norway_005727.jpg,Fernando
Norway_005797.jpg,Caio
Norway_005807.jpg,Fernando
Norway_005814.jpg,Fernando
Norway_005820.jpg,Caio
Norway_005828.jpg,Caio
Norway_005858.jpg,Caio
Norway_005875.jpg,Caio
Norway_005881.jpg,Caio
Norway_005906.jpg,Fernando
Norway_005920.jpg,Caio
Norway_005967.jpg,Caio
Norway_006106.jpg,Fernando
Norway_006124.jpg,Fernando
Norway_006137.jpg,Fernando
Norway_006168.jpg,Fernando
Norway_006212.jpg,Caio
Norway_006217.jpg,Fernando
Norway_006306.jpg,Fernando
Norway_006338.jpg,Caio
Norway_006387.jpg,Caio
Norway_006411.jpg,Caio
Norway_006441.jpg,Caio
Norway_006526.jpg,Caio
Norway_006588.jpg,Caio
Norway_006600.jpg,Fernando
Norway_006601.jpg,Caio
Norway_006655.jpg,Caio
Norway_006660.jpg,Fernando
Norway_006762.jpg,Caio
Norway_006815.jpg,Caio
Norway_006870.jpg,Caio
Norway_006902.jpg,Caio
Norway_006926.jpg,Fernando
Norway_006965.jpg,Caio
Norway_006987.jpg,Caio
Norway_007121.jpg,Fernando
Norway_007130.jpg,Caio
Norway_007133.jpg,Fernando
Norway_007163.jpg,Caio
Norway_007190.jpg,Fernando
Norway_007202.jpg,Caio
Norway_007207.jpg,Fernando
Norway_007210.jpg,Caio
Norway_007231.jpg,Caio
Norway_007268.jpg,Fernando
Norway_007317.jpg,Caio
Norway_007327.jpg,Caio
Norway_007329.jpg,Caio
Norway_007342.jpg,Fernando
Norway_007390.jpg,Caio
Norway_007400.jpg,Caio
Norway_007429.jpg,Fernando
Norway_007436.jpg,Fernando
Norway_007445.jpg,Caio
Norway_007540.jpg,Caio
Norway_007551.jpg,Caio
Norway_007576.jpg,Fernando
Norway_007602.jpg,Caio
Norway_007637.jpg,Caio
Norway_007638.jpg,Fernando
Norway_007666.jpg,Fernando
Norway_007707.jpg,Fernando
Norway_007787.jpg,Fernando
Norway_007799.jpg,Caio
Norway_007802.jpg,Fernando
United_States_000062.jpg,Fernando
United_States_000079.jpg,Caio
United_States_000087.jpg,Caio
United_States_000102.jpg,Fernando
United_States_000207.jpg,Fernando
United_States_000383.jpg,Fernando
United_States_000579.jpg,Fernando
United_States_000620.jpg,Fernando
United_States_000630.jpg,Fernando
United_States_000684.jpg,Caio
United_States_000696.jpg,Caio
United_States_000718.jpg,Fernando
United_States_000739.jpg,Caio
United_States_000785.jpg,Fernando
United_States_000807.jpg,Caio
United_States_000882.jpg,Caio
United_States_001071.jpg,Caio
United_States_001072.jpg,Fernando
United_States_001078.jpg,Caio
United_States_001083.jpg,Fernando
United_States_001149.jpg,Caio
United_States_001264.jpg,Fernando
United_States_001270.jpg,Fernando
United_States_001311.jpg,Fernando
United_States_001316.jpg,Fernando
United_States_001362.jpg,Fernando
United_States_001400.jpg,Fernando
United_States_001407.jpg,Fernando
United_States_001439.jpg,Caio
United_States_001477.jpg,Caio
United_States_001485.jpg,Fernando
United_States_001495.jpg,Caio
United_States_001533.jpg,Caio
United_States_001534.jpg,Fernando
United_States_001540.jpg,Fernando
United_States_001657.jpg,Fernando
United_States_001689.jpg,Fernando
United_States_001748.jpg,Fernando
United_States_001750.jpg,Fernando
United_States_001813.jpg,Fernando
United_States_001889.jpg,Caio
United_States_001897.jpg,Fernando
United_States_001930.jpg,Caio
United_States_001940.jpg,Caio
United_States_002027.jpg,Fernando
United_States_002035.jpg,Caio
United_States_002074.jpg,Fernando
United_States_002075.jpg,Caio
United_States_002162.jpg,Caio
United_States_002237.jpg,Fernando
United_States_002262.jpg,Caio
United_States_002263.jpg,Fernando
United_States_002318.jpg,Fernando
United_States_002352.jpg,Caio
United_States_002386.jpg,Caio
United_States_002410.jpg,Fernando
United_States_002423.jpg,Caio
United_States_002467.jpg,Fernando
United_States_002496.jpg,Fernando
United_States_002508.jpg,Caio
United_States_002509.jpg,Caio
United_States_002513.jpg,Fernando
United_States_002534.jpg,Fernando
United_States_002577.jpg,Caio
United_States_002613.jpg,Caio
United_States_002654.jpg,Fernando
United_States_002719.jpg,Caio
United_States_002721.jpg,Caio
United_States_002736.jpg,Caio
United_States_002767.jpg,Caio
United_States_002884.jpg,Fernando
United_States_002909.jpg,Caio
United_States_002921.jpg,Fernando
United_States_003021.jpg,Caio
United_States_003037.jpg,Fernando
United_States_003114.jpg,Fernando
United_States_003186.jpg,Caio
United_States_003269.jpg,Fernando
United_States_003332.jpg,Caio
United_States_003348.jpg,Fernando
United_States_003526.jpg,Caio
United_States_003555.jpg,Fernando
United_States_003634.jpg,Caio
United_States_003661.jpg,Caio
United_States_003663.jpg,Fernando
United_States_003691.jpg,Caio
United_States_003724.jpg,Fernando
United_States_003832.jpg,Caio
United_States_003839.jpg,Fernando
United_States_003923.jpg,Fernando
United_States_003985.jpg,Caio
United_States_004057.jpg,Fernando
United_States_004063.jpg,Caio
United_States_004097.jpg,Fernando
United_States_004107.jpg,Fernando
United_States_004109.jpg,Caio
United_States_004147.jpg,Caio
United_States_004253.jpg,Fernando
United_States_004261.jpg,Fernando
United_States_004275.jpg,Caio
United_States_004294.jpg,Fernando
United_States_004318.jpg,Fernando
United_States_004336.jpg,Caio
United_States_004344.jpg,Fernando
United_States_004347.jpg,Caio
United_States_004398.jpg,Fernando
United_States_004472.jpg,Fernando
United_States_004496.jpg,Caio
United_States_004531.jpg,Fernando
United_States_004549.jpg,Fernando
United_States_004640.jpg,Fernando
United_States_004643.jpg,Caio
United_States_004673.jpg,Fernando
United_States_004712.jpg,Fernando
United_States_004760.jpg,Caio
United_States_004776.jpg,Caio
